date,act_symbol,expiration,strike,cp,bid,ask,mid
2025-11-09,BTC,2025-11-10,92000.0,Call,10108.432838243069,13063.205514037196,11585.819176140132
2025-11-09,BTC,2025-11-10,94000.0,Call,7827.555684998479,11404.38576622295,9615.970725610714
2025-11-09,BTC,2025-11-10,94000.0,Put,10.367623423839046,20.73524684767809,15.551435135758569
2025-11-09,BTC,2025-11-10,96000.0,Call,7516.526982283307,7827.555684998479,7672.041333640893
2025-11-09,BTC,2025-11-10,96000.0,Put,10.367623423839046,20.73524684767809,15.551435135758569
2025-11-09,BTC,2025-11-10,97000.0,Call,6531.602757018598,6790.793342614575,6661.198049816587
2025-11-09,BTC,2025-11-10,97000.0,Put,10.367623423839046,31.10287027151713,20.735246847678088
2025-11-09,BTC,2025-11-10,98000.0,Call,4354.401838012399,9175.346730097554,6764.874284054977
2025-11-09,BTC,2025-11-10,98000.0,Put,10.367623423839046,31.10287027151713,20.735246847678088
2025-11-09,BTC,2025-11-10,99000.0,Call,4561.75430648918,4820.9448920851555,4691.349599287168
2025-11-09,BTC,2025-11-10,99000.0,Put,20.73524684767809,41.47049369535618,31.102870271517137
2025-11-09,BTC,2025-11-10,100000.0,Call,3628.668198343666,3887.8587839396414,3758.2634911416535
2025-11-09,BTC,2025-11-10,100000.0,Put,51.838117119195225,82.94098739071237,67.3895522549538
2025-11-09,BTC,2025-11-10,101000.0,Call,2747.420207317347,2902.9345586749328,2825.17738299614
2025-11-09,BTC,2025-11-10,101000.0,Put,103.67623423839045,134.77910450990757,119.227669374149
2025-11-09,BTC,2025-11-10,102000.0,Call,1866.172216291028,1969.8484505294184,1918.0103334102232
2025-11-09,BTC,2025-11-10,102000.0,Put,196.98484505294184,238.45533874829803,217.72009190061993
2025-11-09,BTC,2025-11-10,103000.0,Call,1088.6004595030997,1192.2766937414901,1140.438576622295
2025-11-09,BTC,2025-11-10,103000.0,Put,414.7049369535618,466.543054072757,440.6239955131594
2025-11-09,BTC,2025-11-10,104000.0,Call,518.3811711919523,570.2192883111475,544.3002297515499
2025-11-09,BTC,2025-11-10,104000.0,Put,829.4098739071236,933.086108145514,881.2479910263188
2025-11-09,BTC,2025-11-10,105000.0,Call,217.71897900860552,248.82169029554916,233.27033465207734
2025-11-09,BTC,2025-11-10,105000.0,Put,1503.3053964566616,1658.8197478142472,1581.0625721354545
2025-11-09,BTC,2025-11-10,106000.0,Call,62.20574054303426,93.3086108145514,77.75717567879283
2025-11-09,BTC,2025-11-10,106000.0,Put,570.2192883111475,3110.287027151713,1840.2531577314303
2025-11-09,BTC,2025-11-10,107000.0,Call,20.73524684767809,31.10287027151713,25.91905855959761
2025-11-09,BTC,2025-11-10,107000.0,Put,2488.2296217213707,5080.135477681132,3784.1825497012514
2025-11-09,BTC,2025-11-10,108000.0,Call,10.367623423839046,20.73524684767809,15.551435135758569
2025-11-09,BTC,2025-11-10,108000.0,Put,4198.887486654813,4509.916189369984,4354.401838012398
2025-11-09,BTC,2025-11-10,110000.0,Put,6168.735937184231,6479.764639899403,6324.250288541817
2025-11-09,BTC,2025-11-11,92000.0,Call,11559.976655685403,11767.330497042987,11663.653576364195
2025-11-09,BTC,2025-11-11,92000.0,Put,10.367692067879284,31.10307620363785,20.73538413575857
2025-11-09,BTC,2025-11-11,94000.0,Call,9538.276702448942,9797.469004145923,9667.872853297433
2025-11-09,BTC,2025-11-11,94000.0,Put,20.73538413575857,31.10307620363785,25.91923016969821
2025-11-09,BTC,2025-11-11,96000.0,Call,7568.415209551877,7827.60751124886,7698.011360400368
2025-11-09,BTC,2025-11-11,96000.0,Put,41.47076827151714,62.2061524072757,51.83846033939642
2025-11-09,BTC,2025-11-11,97000.0,Call,6583.484463103346,6842.676764800328,6713.080613951837
2025-11-09,BTC,2025-11-11,97000.0,Put,62.2061524072757,93.30922861091355,77.75769050909463
2025-11-09,BTC,2025-11-11,98000.0,Call,5650.39217699421,5857.746018351796,5754.069097673003
2025-11-09,BTC,2025-11-11,98000.0,Put,103.67692067879284,124.4123048145514,114.04461274667213
2025-11-09,BTC,2025-11-11,99000.0,Call,4717.299890885074,4924.65373224266,4820.976811563867
2025-11-09,BTC,2025-11-11,99000.0,Put,155.51538101818926,186.6184572218271,171.06691912000818
2025-11-09,BTC,2025-11-11,100000.0,Call,3784.2076047759383,4043.399906472921,3913.80375562443
2025-11-09,BTC,2025-11-11,100000.0,Put,238.45691756122352,279.9276858327407,259.1923016969821
2025-11-09,BTC,2025-11-11,101000.0,Call,2954.792239345596,3162.1460807031817,3058.4691600243887
2025-11-09,BTC,2025-11-11,101000.0,Put,383.6046065115335,414.70768271517136,399.15614461335247
2025-11-09,BTC,2025-11-11,102000.0,Call,2229.053794594046,2384.5691756122355,2306.8114851031405
2025-11-09,BTC,2025-11-11,102000.0,Put,570.2230637333606,622.061524072757,596.1422939030588
2025-11-09,BTC,2025-11-11,103000.0,Call,1555.1538101818926,1658.8307308606854,1606.992270521289
2025-11-09,BTC,2025-11-11,103000.0,Put,881.2538257697393,984.930746448532,933.0922861091356
2025-11-09,BTC,2025-11-11,104000.0,Call,1036.7692067879284,1140.4461274667212,1088.607667127325
2025-11-09,BTC,2025-11-11,104000.0,Put,1347.799968824307,1451.4768895030998,1399.6384291637032
2025-11-09,BTC,2025-11-11,105000.0,Call,622.061524072757,725.7384447515499,673.8999844121535
2025-11-09,BTC,2025-11-11,105000.0,Put,1918.0230325576674,2073.538413575857,1995.7807230667622
2025-11-09,BTC,2025-11-11,106000.0,Call,393.9722985794128,425.0753747830507,409.5238366812317
2025-11-09,BTC,2025-11-11,106000.0,Put,2695.599937648614,2902.9537790061995,2799.2768583274064
2025-11-09,BTC,2025-11-11,107000.0,Call,238.45691756122352,279.9276858327407,259.1923016969821
2025-11-09,BTC,2025-11-11,107000.0,Put,3525.015303078957,3732.3691444365422,3628.6922237577496
2025-11-09,BTC,2025-11-11,108000.0,Call,145.14768895030997,176.2507651539478,160.6992270521289
2025-11-09,BTC,2025-11-11,108000.0,Put,3784.2076047759383,5287.522954618435,4535.865279697186
2025-11-09,BTC,2025-11-11,110000.0,Call,51.83846033939642,72.57384447515498,62.2061524072757
2025-11-09,BTC,2025-11-11,110000.0,Put,4976.492192582056,7827.60751124886,6402.049851915458
2025-11-09,BTC,2025-11-12,94000.0,Call,8708.9189980124,10730.632336836705,9719.775667424552
2025-11-09,BTC,2025-11-12,94000.0,Put,62.20656427151713,93.3098464072757,77.75820533939641
2025-11-09,BTC,2025-11-12,96000.0,Call,7101.916087664873,8449.72498021441,7775.820533939642
2025-11-09,BTC,2025-11-12,96000.0,Put,114.04536783111475,155.51641067879282,134.7808892549538
2025-11-09,BTC,2025-11-12,98000.0,Call,5443.074373757749,6428.011641390103,5935.543007573926
2025-11-09,BTC,2025-11-12,98000.0,Put,228.0907356622295,269.5617785099076,248.82625708606855
2025-11-09,BTC,2025-11-12,99000.0,Call,4821.008731042578,5132.041552400164,4976.525141721371
2025-11-09,BTC,2025-11-12,99000.0,Put,321.40058206950516,362.8716249171833,342.1361034933442
2025-11-09,BTC,2025-11-12,100000.0,Call,3991.587874089016,4198.943088327406,4095.265481208211
2025-11-09,BTC,2025-11-12,100000.0,Put,445.81371061253947,487.2847534602176,466.5492320363785
2025-11-09,BTC,2025-11-12,101000.0,Call,3162.167017135454,3421.3610349334426,3291.7640260344483
2025-11-09,BTC,2025-11-12,101000.0,Put,622.0656427151713,673.9044462747689,647.9850444949701
2025-11-09,BTC,2025-11-12,102000.0,Call,2488.262570860685,2643.778981539478,2566.020776200082
2025-11-09,BTC,2025-11-12,102000.0,Put,829.4208569535618,933.0984640727569,881.2596605131594
2025-11-09,BTC,2025-11-12,103000.0,Call,1866.1969281455138,1969.8745352647093,1918.0357317051116
2025-11-09,BTC,2025-11-12,103000.0,Put,1192.292481870745,1244.1312854303426,1218.2118836505438
2025-11-09,BTC,2025-11-12,104000.0,Call,1295.9700889899405,1399.6476961091355,1347.808892549538
2025-11-09,BTC,2025-11-12,104000.0,Put,1607.0029103475258,1710.6805174667213,1658.8417139071234
2025-11-09,BTC,2025-11-12,105000.0,Call,881.2596605131595,984.9372676323546,933.098464072757
2025-11-09,BTC,2025-11-12,105000.0,Put,2177.2297495031,2332.7461601818923,2254.987954842496
2025-11-09,BTC,2025-11-12,106000.0,Call,570.2268391555737,673.9044462747689,622.0656427151713
2025-11-09,BTC,2025-11-12,106000.0,Put,2851.1341957778686,3110.3282135758564,2980.7312046768625
2025-11-09,BTC,2025-11-12,107000.0,Call,383.6071463410223,425.07818918870043,404.3426677648614
2025-11-09,BTC,2025-11-12,107000.0,Put,3628.716249171833,3939.7490705294185,3784.232659850626
2025-11-09,BTC,2025-11-12,108000.0,Call,248.82625708606852,290.2972999337466,269.5617785099076
2025-11-09,BTC,2025-11-12,108000.0,Put,4458.137106125394,4821.008731042578,4639.572918583986
2025-11-09,BTC,2025-11-12,110000.0,Call,103.67760711919523,145.1486499668733,124.41312854303428
2025-11-09,BTC,2025-11-12,110000.0,Put,2695.6177850990757,10626.95472971751,6661.286257408293
2025-11-09,BTC,2025-11-13,94000.0,Call,8968.172392905193,9953.11618172137,9460.644287313282
2025-11-09,BTC,2025-11-13,94000.0,Put,114.04612291555739,145.14961098343667,129.59786694949702
2025-11-09,BTC,2025-11-13,96000.0,Call,7309.319695951631,8449.780925107207,7879.550310529419
2025-11-09,BTC,2025-11-13,96000.0,Put,207.35658711919524,248.82790454303426,228.09224583111475
2025-11-09,BTC,2025-11-13,98000.0,Call,5650.46699899807,6428.054200695052,6039.260599846561
2025-11-09,BTC,2025-11-13,98000.0,Put,362.8740274585917,414.7131742383905,388.7936008484911
2025-11-09,BTC,2025-11-13,99000.0,Call,4821.0406505212895,5494.949558658674,5157.995104589982
2025-11-09,BTC,2025-11-13,99000.0,Put,487.2879797301088,570.2306145777868,528.7592971539478
2025-11-09,BTC,2025-11-13,100000.0,Call,4095.292595604106,4717.362356961691,4406.327476282899
2025-11-09,BTC,2025-11-13,100000.0,Put,622.0697613575857,725.7480549171834,673.9089081373845
2025-11-09,BTC,2025-11-13,101000.0,Call,3421.3836874667213,3628.7402745859167,3525.061981026319
2025-11-09,BTC,2025-11-13,101000.0,Put,829.426348476781,933.1046420363784,881.2654952565797
2025-11-09,BTC,2025-11-13,102000.0,Call,2747.474779329337,2902.9922196687335,2825.233499499035
2025-11-09,BTC,2025-11-13,102000.0,Put,1088.622082375775,1192.3003759353726,1140.4612291555738
2025-11-09,BTC,2025-11-13,103000.0,Call,2125.405017971751,2229.0833115313485,2177.2441647515498
2025-11-09,BTC,2025-11-13,103000.0,Put,1451.4961098343667,1555.1744033939642,1503.3352566141655
2025-11-09,BTC,2025-11-13,104000.0,Call,1607.013550173763,1658.852696953562,1632.9331235636623
2025-11-09,BTC,2025-11-13,104000.0,Put,1918.0484308525558,2021.7267244121535,1969.8875776323548
2025-11-09,BTC,2025-11-13,105000.0,Call,1140.4612291555736,1244.1395227151713,1192.3003759353724
2025-11-09,BTC,2025-11-13,105000.0,Put,2436.439898650544,2591.9573389899406,2514.1986188202422
2025-11-09,BTC,2025-11-13,106000.0,Call,829.426348476781,881.2654952565798,855.3459218666803
2025-11-09,BTC,2025-11-13,106000.0,Put,3006.670513228331,3576.901127806118,3291.7858205172242
2025-11-09,BTC,2025-11-13,107000.0,Call,570.2306145777868,622.0697613575857,596.1501879676862
2025-11-09,BTC,2025-11-13,107000.0,Put,3784.257714925313,4458.166623062697,4121.212168994005
2025-11-09,BTC,2025-11-13,108000.0,Call,414.7131742383905,445.81666230626973,430.2649182723301
2025-11-09,BTC,2025-11-13,108000.0,Put,4458.166623062697,5650.46699899807,5054.316811030383
2025-11-09,BTC,2025-11-13,110000.0,Call,207.35658711919524,238.46007518707452,222.9083311531349
2025-11-09,BTC,2025-11-13,110000.0,Put,2799.3139261091355,10834.38167697795,6816.847801543543
2025-11-09,BTC,2025-11-14,90000.0,Call,13633.905535,13841.265315,13737.585425000001
2025-11-09,BTC,2025-11-14,90000.0,Put,72.575923,103.67989,88.1279065
2025-11-09,BTC,2025-11-14,92000.0,Call,11663.987625,11923.18735,11793.5874875
2025-11-09,BTC,2025-11-14,92000.0,Put,124.41586799999999,145.151846,134.783857
2025-11-09,BTC,2025-11-14,95000.0,Call,8812.79065,9020.15043,8916.47054
2025-11-09,BTC,2025-11-14,95000.0,Put,259.199725,269.56771399999997,264.3837195
2025-11-09,BTC,2025-11-14,96000.0,Call,7879.67164,8087.03142,7983.35153
2025-11-09,BTC,2025-11-14,96000.0,Put,331.775648,342.143637,336.9596425
2025-11-09,BTC,2025-11-14,97000.0,Call,6946.55263,7205.7523550000005,7076.1524925
2025-11-09,BTC,2025-11-14,97000.0,Put,414.71956,445.823527,430.2715435
2025-11-09,BTC,2025-11-14,98000.0,Call,6117.113509999999,6324.47329,6220.7934
2025-11-09,BTC,2025-11-14,98000.0,Put,518.39945,570.239395,544.3194225
2025-11-09,BTC,2025-11-14,99000.0,Call,5235.834445,5443.194225,5339.514335
2025-11-09,BTC,2025-11-14,99000.0,Put,673.919285,725.75923,699.8392575
2025-11-09,BTC,2025-11-14,100000.0,Call,4458.235269999999,4665.59505,4561.91516
2025-11-09,BTC,2025-11-14,100000.0,Put,829.43912,933.1190099999999,881.279065
2025-11-09,BTC,2025-11-14,101000.0,Call,3732.4760399999996,3887.9958749999996,3810.2359574999996
2025-11-09,BTC,2025-11-14,101000.0,Put,1088.6388450000002,1140.47879,1114.5588175
2025-11-09,BTC,2025-11-14,102000.0,Call,3006.7168100000004,3162.236645,3084.4767275000004
2025-11-09,BTC,2025-11-14,102000.0,Put,1347.83857,1451.51846,1399.678515
2025-11-09,BTC,2025-11-14,103000.0,Call,2384.63747,2488.31736,2436.4774150000003
2025-11-09,BTC,2025-11-14,103000.0,Put,1710.7290750000002,1814.4096250000002,1762.5693500000002
2025-11-09,BTC,2025-11-14,104000.0,Call,1866.2380199999998,1969.91791,1918.077965
2025-11-09,BTC,2025-11-14,104000.0,Put,2177.2915500000004,2280.9721,2229.1318250000004
2025-11-09,BTC,2025-11-14,105000.0,Call,1399.678515,1503.3584050000002,1451.5184600000002
2025-11-09,BTC,2025-11-14,105000.0,Put,2695.67714,2799.35703,2747.517085
2025-11-09,BTC,2025-11-14,106000.0,Call,1036.7989,1088.6388450000002,1062.7188725
2025-11-09,BTC,2025-11-14,106000.0,Put,3317.75648,3421.4363700000004,3369.596425
2025-11-09,BTC,2025-11-14,107000.0,Call,725.75923,829.43912,777.5991750000001
2025-11-09,BTC,2025-11-14,107000.0,Put,3991.675765,4250.87549,4121.2756275
2025-11-09,BTC,2025-11-14,108000.0,Call,518.39945,622.07934,570.2393950000001
2025-11-09,BTC,2025-11-14,108000.0,Put,4769.3053,5028.5066750000005,4898.9059875
2025-11-09,BTC,2025-11-14,109000.0,Call,393.983582,425.087549,409.5355655
2025-11-09,BTC,2025-11-14,109000.0,Put,5546.909425,5909.79135,5728.350387500001
2025-11-09,BTC,2025-11-14,110000.0,Call,279.935703,321.40765899999997,300.671681
2025-11-09,BTC,2025-11-14,110000.0,Put,6479.993125,6791.032795,6635.51296
2025-11-09,BTC,2025-11-14,111000.0,Call,196.991791,228.09575800000002,212.5437745
2025-11-09,BTC,2025-11-14,111000.0,Put,7361.27219,7672.31186,7516.792025
2025-11-09,BTC,2025-11-14,112000.0,Call,145.151846,176.255813,160.70382949999998
2025-11-09,BTC,2025-11-14,112000.0,Put,8294.3912,8657.270815,8475.8310075
2025-11-09,BTC,2025-11-14,113000.0,Call,114.04787900000001,134.78385699999998,124.41586799999999
2025-11-09,BTC,2025-11-14,113000.0,Put,9227.51021,9590.389825,9408.9500175
2025-11-09,BTC,2025-11-14,114000.0,Call,103.67989,114.04787900000001,108.86388450000001
2025-11-09,BTC,2025-11-14,114000.0,Put,10212.469165,10627.188725,10419.828945000001
2025-11-09,BTC,2025-11-14,115000.0,Call,62.207933999999995,82.943912,72.57592299999999
2025-11-09,BTC,2025-11-14,115000.0,Put,11197.4994,11560.381325,11378.940362500001
2025-11-09,BTC,2025-11-14,116000.0,Call,51.839945,72.575923,62.207934
2025-11-09,BTC,2025-11-14,116000.0,Put,12182.387074999999,12545.26669,12363.8268825
2025-11-09,BTC,2025-11-14,117000.0,Call,41.471956,62.207933999999995,51.839945
2025-11-09,BTC,2025-11-14,117000.0,Put,10471.66889,16329.582675,13400.6257825
2025-11-09,BTC,2025-11-14,118000.0,Call,31.103966999999997,51.839945,41.471956
2025-11-09,BTC,2025-11-14,118000.0,Put,14152.304985,14515.1846,14333.744792500001
2025-11-09,BTC,2025-11-14,119000.0,Call,20.735978,41.471956,31.103966999999997
2025-11-09,BTC,2025-11-14,119000.0,Put,15137.263939999999,15551.983499999998,15344.62372
2025-11-09,BTC,2025-11-14,120000.0,Call,20.735978,41.471956,31.103966999999997
2025-11-09,BTC,2025-11-14,120000.0,Put,13322.865865,19491.81932,16407.342592499997
2025-11-09,BTC,2025-11-14,122000.0,Call,10.367989,31.103966999999997,20.735978
2025-11-09,BTC,2025-11-14,122000.0,Put,15137.263939999999,22135.656515,18636.4602275
2025-11-09,BTC,2025-11-14,124000.0,Call,10.367989,31.103966999999997,20.735978
2025-11-09,BTC,2025-11-14,124000.0,Put,17055.450475,23639.1654,20347.3079375
2025-11-09,BTC,2025-11-14,125000.0,Call,10.367989,31.103966999999997,20.735978
2025-11-09,BTC,2025-11-14,125000.0,Put,17988.460915,24675.81382,21332.1373675
2025-11-09,BTC,2025-11-14,126000.0,Call,10.367989,20.735978,15.551983499999999
2025-11-09,BTC,2025-11-14,126000.0,Put,18921.579925,25868.132555,22394.85624
2025-11-09,BTC,2025-11-14,128000.0,Call,10.367989,20.735978,15.551983499999999
2025-11-09,BTC,2025-11-14,128000.0,Put,20839.657890000002,27941.730355000003,24390.694122500005
2025-11-09,BTC,2025-11-14,130000.0,Call,10.367989,20.735978,15.551983499999999
2025-11-09,BTC,2025-11-14,130000.0,Put,22705.89591,30067.1681,26386.532005
2025-11-09,BTC,2025-11-21,88000.0,Call,15823.581475,16082.98445,15953.282962500001
2025-11-09,BTC,2025-11-21,88000.0,Put,228.27461800000003,259.402975,243.83879650000003
2025-11-09,BTC,2025-11-21,90000.0,Call,13955.951340000001,14163.47478,14059.713060000002
2025-11-09,BTC,2025-11-21,90000.0,Put,321.661332,363.16602,342.413676
2025-11-09,BTC,2025-11-21,92000.0,Call,12088.240380000001,12295.76382,12192.002100000002
2025-11-09,BTC,2025-11-21,92000.0,Put,456.54923600000006,498.05371199999996,477.301474
2025-11-09,BTC,2025-11-21,94000.0,Call,10272.357810000001,10531.760785,10402.0592975
2025-11-09,BTC,2025-11-21,94000.0,Put,622.57032,726.33204,674.45118
2025-11-09,BTC,2025-11-21,95000.0,Call,9390.43566,9649.83996,9520.13781
2025-11-09,BTC,2025-11-21,95000.0,Put,726.33204,830.09376,778.2129
2025-11-09,BTC,2025-11-21,96000.0,Call,8508.46104,8767.86534,8638.16319
2025-11-09,BTC,2025-11-21,96000.0,Put,881.9746200000001,985.73634,933.8554800000001
2025-11-09,BTC,2025-11-21,98000.0,Call,6900.154380000001,7107.677820000001,7003.9161
2025-11-09,BTC,2025-11-21,98000.0,Put,1245.13428,1348.89547,1297.0148749999998
2025-11-09,BTC,2025-11-21,99000.0,Call,6121.91021,6329.43259,6225.6714
2025-11-09,BTC,2025-11-21,99000.0,Put,1452.65666,1556.41785,1504.5372550000002
2025-11-09,BTC,2025-11-21,100000.0,Call,5447.4902999999995,5551.25202,5499.37116
2025-11-09,BTC,2025-11-21,100000.0,Put,1712.059635,1815.8208250000002,1763.9402300000002
2025-11-09,BTC,2025-11-21,101000.0,Call,4721.134145,4876.77593,4798.9550375
2025-11-09,BTC,2025-11-21,101000.0,Put,2023.35354,2127.11526,2075.2344000000003
2025-11-09,BTC,2025-11-21,102000.0,Call,4098.58794,4254.23052,4176.40923
2025-11-09,BTC,2025-11-21,102000.0,Put,2386.51956,2490.28128,2438.40042
2025-11-09,BTC,2025-11-21,103000.0,Call,3475.999865,3631.6416500000005,3553.8207575000006
2025-11-09,BTC,2025-11-21,103000.0,Put,2801.55213,2853.432725,2827.4924275000003
2025-11-09,BTC,2025-11-21,104000.0,Call,2957.1939150000003,3060.955105,3009.0745100000004
2025-11-09,BTC,2025-11-21,104000.0,Put,3216.61332,3320.37504,3268.4941799999997
2025-11-09,BTC,2025-11-21,105000.0,Call,2490.26856,2594.02975,2542.149155
2025-11-09,BTC,2025-11-21,105000.0,Put,3735.4028399999997,3839.16403,3787.283435
2025-11-09,BTC,2025-11-21,106000.0,Call,2075.2238,2127.1043950000003,2101.1640975
2025-11-09,BTC,2025-11-21,106000.0,Put,4306.089385,4409.850575,4357.96998
2025-11-09,BTC,2025-11-21,107000.0,Call,1660.18752,1763.9492400000001,1712.0683800000002
2025-11-09,BTC,2025-11-21,107000.0,Put,4928.656525,5084.29831,5006.4774175
2025-11-09,BTC,2025-11-21,108000.0,Call,1348.90236,1452.66408,1400.78322
2025-11-09,BTC,2025-11-21,108000.0,Put,5603.13288,5758.77546,5680.95417
2025-11-09,BTC,2025-11-21,109000.0,Call,1089.4924950000002,1193.253685,1141.37309
2025-11-09,BTC,2025-11-21,109000.0,Put,6277.551995,6536.95497,6407.2534825
2025-11-09,BTC,2025-11-21,110000.0,Call,881.9746200000001,933.85548,907.9150500000001
2025-11-09,BTC,2025-11-21,110000.0,Put,7055.760920000001,7315.163895,7185.4624075
2025-11-09,BTC,2025-11-21,111000.0,Call,726.33204,778.2129,752.27247
2025-11-09,BTC,2025-11-21,111000.0,Put,7782.129,8508.46104,8145.29502
2025-11-09,BTC,2025-11-21,112000.0,Call,570.6894599999999,622.57032,596.6298899999999
2025-11-09,BTC,2025-11-21,112000.0,Put,8041.492225,9753.55186,8897.5220425
2025-11-09,BTC,2025-11-21,113000.0,Call,466.92774,508.432428,487.68008399999997
2025-11-09,BTC,2025-11-21,113000.0,Put,9597.910075,9961.07424,9779.4921575
2025-11-09,BTC,2025-11-21,114000.0,Call,373.540284,415.04476,394.29252199999996
2025-11-09,BTC,2025-11-21,114000.0,Put,9546.02948,11828.775660000001,10687.40257
2025-11-09,BTC,2025-11-21,115000.0,Call,300.907451,342.411927,321.65968899999996
2025-11-09,BTC,2025-11-21,115000.0,Put,10324.238405,12918.268155,11621.25328
2025-11-09,BTC,2025-11-21,116000.0,Call,238.651956,280.15664400000003,259.40430000000003
2025-11-09,BTC,2025-11-21,116000.0,Put,11102.44733,13955.880055000001,12529.163692500002
2025-11-09,BTC,2025-11-21,118000.0,Call,166.01790400000002,197.146261,181.5820825
2025-11-09,BTC,2025-11-21,118000.0,Put,12658.92984,17120.683800000003,14889.806820000002
2025-11-09,BTC,2025-11-21,120000.0,Call,114.13730900000002,145.265666,129.7014875
2025-11-09,BTC,2025-11-21,120000.0,Put,14267.2365,19662.84594,16965.04122
2025-11-09,BTC,2025-11-21,125000.0,Call,51.88086,83.009376,67.44511800000001
2025-11-09,BTC,2025-11-21,125000.0,Put,18573.34788,24072.71904,21323.03346
2025-11-09,BTC,2025-11-21,128000.0,Call,41.504476000000004,62.256713999999995,51.880595
2025-11-09,BTC,2025-11-21,128000.0,Put,21271.152599999998,27237.451500000003,24254.30205
2025-11-09,BTC,2025-11-28,50000.0,Call,53743.94302499999,53899.72257,53821.8327975
2025-11-09,BTC,2025-11-28,60000.0,Call,43722.125629999995,43929.83169,43825.97865999999
2025-11-09,BTC,2025-11-28,70000.0,Call,33752.39725,33960.10431,33856.25078
2025-11-09,BTC,2025-11-28,70000.0,Put,41.541412,51.926765,46.7340885
2025-11-09,BTC,2025-11-28,80000.0,Call,23886.1969,24093.90296,23990.04993
2025-11-09,BTC,2025-11-28,80000.0,Put,155.780295,176.55100099999999,166.16564799999998
2025-11-09,BTC,2025-11-28,85000.0,Call,19005.19599,19264.829815,19135.0129025
2025-11-09,BTC,2025-11-28,85000.0,Put,321.944393,353.100302,337.5223475
2025-11-09,BTC,2025-11-28,90000.0,Call,14383.644655000002,14591.350715,14487.497685000002
2025-11-09,BTC,2025-11-28,90000.0,Put,623.11818,675.0446949999999,649.0814375
2025-11-09,BTC,2025-11-28,95000.0,Call,9969.89088,10177.59694,10073.743910000001
2025-11-09,BTC,2025-11-28,95000.0,Put,1246.24236,1298.1691250000001,1272.2057425
2025-11-09,BTC,2025-11-28,96000.0,Call,9139.110639999999,9398.744465,9268.9275525
2025-11-09,BTC,2025-11-28,96000.0,Put,1402.022655,1505.876185,1453.94942
2025-11-09,BTC,2025-11-28,98000.0,Call,7581.2711899999995,7840.903765,7711.087477499999
2025-11-09,BTC,2025-11-28,98000.0,Put,1869.3635399999998,1921.290305,1895.3269225
2025-11-09,BTC,2025-11-28,99000.0,Call,6906.226495,7062.00604,6984.1162675
2025-11-09,BTC,2025-11-28,99000.0,Put,2128.987115,2180.91363,2154.9503725
2025-11-09,BTC,2025-11-28,100000.0,Call,6231.181799999999,6335.03483,6283.1083149999995
2025-11-09,BTC,2025-11-28,100000.0,Put,2440.5579549999998,2492.48472,2466.5213375
2025-11-09,BTC,2025-11-28,101000.0,Call,5556.163855,5711.94415,5634.0540025
2025-11-09,BTC,2025-11-28,101000.0,Put,2752.118545,2855.972075,2804.04531
2025-11-09,BTC,2025-11-28,102000.0,Call,4984.96944,5036.896205,5010.9328225
2025-11-09,BTC,2025-11-28,102000.0,Put,3167.517415,3219.44393,3193.4806725
2025-11-09,BTC,2025-11-28,103000.0,Call,4361.82726,4465.680289999999,4413.753774999999
2025-11-09,BTC,2025-11-28,103000.0,Put,3582.929535,3634.8560500000003,3608.8927925000003
2025-11-09,BTC,2025-11-28,104000.0,Call,3842.58061,3946.43414,3894.507375
2025-11-09,BTC,2025-11-28,104000.0,Put,3998.3416549999997,4102.194685,4050.2681700000003
2025-11-09,BTC,2025-11-28,105000.0,Call,3375.239725,3427.16649,3401.2031075
2025-11-09,BTC,2025-11-28,105000.0,Put,4517.606804999999,4621.459835,4569.53332
2025-11-09,BTC,2025-11-28,106000.0,Call,2907.89884,3011.75237,2959.825605
2025-11-09,BTC,2025-11-28,106000.0,Put,5036.896205,5140.749735,5088.82297
2025-11-09,BTC,2025-11-28,107000.0,Call,2492.47272,2596.32575,2544.399235
2025-11-09,BTC,2025-11-28,107000.0,Put,5660.017385,5763.870915,5711.94415
2025-11-09,BTC,2025-11-28,108000.0,Call,2180.91363,2232.8401449999997,2206.8768874999996
2025-11-09,BTC,2025-11-28,108000.0,Put,6283.1083149999995,6438.88786,6360.9980875
2025-11-09,BTC,2025-11-28,109000.0,Call,1817.4367750000001,1921.290305,1869.36354
2025-11-09,BTC,2025-11-28,109000.0,Put,7010.079525,7113.932555,7062.00604
2025-11-09,BTC,2025-11-28,110000.0,Call,1557.7954499999998,1609.721965,1583.7587075
2025-11-09,BTC,2025-11-28,110000.0,Put,7685.12422,7892.83028,7788.97725
2025-11-09,BTC,2025-11-28,112000.0,Call,1142.38333,1194.309845,1168.3465875
2025-11-09,BTC,2025-11-28,112000.0,Put,9242.91967,9450.62573,9346.7727
2025-11-09,BTC,2025-11-28,114000.0,Call,778.8977249999999,882.750755,830.8242399999999
2025-11-09,BTC,2025-11-28,114000.0,Put,10800.715119999999,11164.200725,10982.4579225
2025-11-09,BTC,2025-11-28,115000.0,Call,675.0446949999999,726.97121,701.0079525
2025-11-09,BTC,2025-11-28,115000.0,Put,11683.465875,12046.95148,11865.208677499999
2025-11-09,BTC,2025-11-28,116000.0,Call,571.1944149999999,623.12118,597.1577975
2025-11-09,BTC,2025-11-28,116000.0,Put,12566.216629999999,12929.702235,12747.9594325
2025-11-09,BTC,2025-11-28,118000.0,Call,415.41212,436.18272599999995,425.797423
2025-11-09,BTC,2025-11-28,118000.0,Put,14435.571170000001,14747.130259999998,14591.350715
2025-11-09,BTC,2025-11-28,120000.0,Call,301.175237,321.945943,311.56059
2025-11-09,BTC,2025-11-28,120000.0,Put,16304.92571,16668.411315,16486.6685125
2025-11-09,BTC,2025-11-28,122000.0,Call,228.477766,259.633825,244.0557955
2025-11-09,BTC,2025-11-28,122000.0,Put,18226.294514999998,18641.708635,18434.001575
2025-11-09,BTC,2025-11-28,124000.0,Call,186.936354,207.70706,197.321707
2025-11-09,BTC,2025-11-28,124000.0,Put,20199.511585,20562.99894,20381.255262500003
2025-11-09,BTC,2025-11-28,125000.0,Call,155.780295,176.55100099999999,166.16564799999998
2025-11-09,BTC,2025-11-28,125000.0,Put,21134.091604999998,21497.57721,21315.8344075
2025-11-09,BTC,2025-11-28,126000.0,Call,135.008939,166.164848,150.5868935
2025-11-09,BTC,2025-11-28,126000.0,Put,22120.80189,22484.289245,22302.545567499998
2025-11-09,BTC,2025-11-28,128000.0,Call,114.23833300000001,135.008939,124.623636
2025-11-09,BTC,2025-11-28,128000.0,Put,24093.90296,24457.388564999997,24275.645762499997
2025-11-09,BTC,2025-11-28,130000.0,Call,93.468177,103.85353,98.6608535
2025-11-09,BTC,2025-11-28,130000.0,Put,26067.23603,26482.65015,26274.94309
2025-11-09,BTC,2025-11-28,132000.0,Call,72.697121,83.082424,77.88977249999999
2025-11-09,BTC,2025-11-28,132000.0,Put,25911.330985,30428.937789999996,28170.1343875
2025-11-09,BTC,2025-11-28,134000.0,Call,62.31211799999999,83.082824,72.697471
2025-11-09,BTC,2025-11-28,134000.0,Put,30013.52567,30428.937789999996,30221.23173
2025-11-09,BTC,2025-11-28,135000.0,Call,51.926765,72.697471,62.312118
2025-11-09,BTC,2025-11-28,135000.0,Put,31052.205469999997,31467.61959,31259.912529999998
2025-11-09,BTC,2025-11-28,136000.0,Call,51.926765,72.697471,62.312118
2025-11-09,BTC,2025-11-28,136000.0,Put,29650.040064999997,34842.691565,32246.365814999997
2025-11-09,BTC,2025-11-28,138000.0,Call,41.541212,62.311817999999995,51.926514999999995
2025-11-09,BTC,2025-11-28,138000.0,Put,31623.399885,38166.172275,34894.78608
2025-11-09,BTC,2025-11-28,140000.0,Call,31.156058999999996,51.926765,41.541412
2025-11-09,BTC,2025-11-28,140000.0,Put,36037.00141,36452.41353,36244.707469999994
2025-11-09,BTC,2025-11-28,145000.0,Call,20.770706,41.541412,31.156059
2025-11-09,BTC,2025-11-28,145000.0,Put,38425.8061,43981.969955,41203.8880275
2025-11-09,BTC,2025-11-28,150000.0,Call,10.385353,31.156058999999996,20.770705999999997
2025-11-09,BTC,2025-11-28,150000.0,Put,45955.187025,46422.52791,46188.8574675
2025-11-09,BTC,2025-11-28,155000.0,Call,10.385303,31.155908999999998,20.770606
2025-11-09,BTC,2025-11-28,155000.0,Put,48135.879405,55405.591505,51770.735455
2025-11-09,BTC,2025-11-28,160000.0,Put,53069.15383,59611.926219999994,56340.540024999995
2025-11-09,BTC,2025-11-28,170000.0,Put,62883.009665000005,70931.61949,66907.3145775
2025-11-09,BTC,2025-11-28,180000.0,Put,72645.544235,81161.53369499999,76903.53896499999
2025-11-09,BTC,2025-11-28,200000.0,Put,96012.588485,96479.92937,96246.25892749999
2025-11-09,BTC,2025-11-28,220000.0,Put,108734.12241,124208.22387999999,116471.173145
2025-11-09,BTC,2025-11-28,240000.0,Put,128102.712505,144874.97685,136488.84467750002
2025-11-09,BTC,2025-12-26,20000.0,Call,84208.44175,84312.72464999999,84260.5832
2025-11-09,BTC,2025-12-26,30000.0,Call,74197.28335,74353.7077,74275.495525
2025-11-09,BTC,2025-12-26,40000.0,Call,64186.124950000005,64342.5493,64264.337125000005
2025-11-09,BTC,2025-12-26,50000.0,Call,54227.108,54383.532349999994,54305.320175
2025-11-09,BTC,2025-12-26,50000.0,Put,20.85658,31.284869999999994,26.070724999999996
2025-11-09,BTC,2025-12-26,60000.0,Call,44268.091049999995,44476.65685,44372.373949999994
2025-11-09,BTC,2025-12-26,60000.0,Put,93.855087,114.711773,104.28343
2025-11-09,BTC,2025-12-26,65000.0,Call,39366.79475,39575.36055,39471.07765
2025-11-09,BTC,2025-12-26,65000.0,Put,187.70922,198.13751,192.923365
2025-11-09,BTC,2025-12-26,70000.0,Call,34465.49845,34674.06425,34569.781350000005
2025-11-09,BTC,2025-12-26,70000.0,Put,291.99212,323.27698999999996,307.634555
2025-11-09,BTC,2025-12-26,75000.0,Call,29668.485049999996,29877.050849999996,29772.767949999994
2025-11-09,BTC,2025-12-26,75000.0,Put,479.70133999999996,521.4145,500.55791999999997
2025-11-09,BTC,2025-12-26,80000.0,Call,24923.739769999996,25184.448344999997,25054.0940575
2025-11-09,BTC,2025-12-26,80000.0,Put,782.1217499999999,834.2632,808.192475
2025-11-09,BTC,2025-12-26,85000.0,Call,20387.410565,20648.11914,20517.764852499997
2025-11-09,BTC,2025-12-26,85000.0,Put,1251.40116,1303.542875,1277.4720175
2025-11-09,BTC,2025-12-26,90000.0,Call,16111.70805,16320.27385,16215.99095
2025-11-09,BTC,2025-12-26,90000.0,Put,1929.23365,1981.3750999999997,1955.3043749999997
2025-11-09,BTC,2025-12-26,95000.0,Call,12201.0993,12409.665099999998,12305.3822
2025-11-09,BTC,2025-12-26,95000.0,Put,3024.21947,3076.3611849999998,3050.2903275
2025-11-09,BTC,2025-12-26,96000.0,Call,11471.118999999999,11679.684799999999,11575.401899999999
2025-11-09,BTC,2025-12-26,96000.0,Put,3284.91135,3389.19425,3337.0528
2025-11-09,BTC,2025-12-26,98000.0,Call,10167.634425,10271.917855,10219.77614
2025-11-09,BTC,2025-12-26,98000.0,Put,3910.6087499999994,4014.8916499999996,3962.7501999999995
2025-11-09,BTC,2025-12-26,100000.0,Call,8864.0465,9020.47085,8942.258675000001
2025-11-09,BTC,2025-12-26,100000.0,Put,4588.4475999999995,4692.7305,4640.58905
2025-11-09,BTC,2025-12-26,102000.0,Call,7716.9346,7821.217499999999,7769.07605
2025-11-09,BTC,2025-12-26,102000.0,Put,5422.7108,5526.9937,5474.85225
2025-11-09,BTC,2025-12-26,104000.0,Call,6621.96415,6726.24705,6674.1056
2025-11-09,BTC,2025-12-26,104000.0,Put,6361.256899999999,6465.5398,6413.3983499999995
2025-11-09,BTC,2025-12-26,105000.0,Call,6152.7223699999995,6204.864084999999,6178.793227499999
2025-11-09,BTC,2025-12-26,105000.0,Put,6882.70638,6934.848095,6908.7772375
2025-11-09,BTC,2025-12-26,106000.0,Call,5631.276599999999,5735.559499999999,5683.418049999999
2025-11-09,BTC,2025-12-26,106000.0,Put,7351.944449999999,7456.227349999999,7404.085899999999
2025-11-09,BTC,2025-12-26,108000.0,Call,4797.03778,4901.32121,4849.179495
2025-11-09,BTC,2025-12-26,108000.0,Put,8551.1978,8655.4807,8603.33925
2025-11-09,BTC,2025-12-26,110000.0,Call,4067.0537699999995,4171.3372,4119.195485
2025-11-09,BTC,2025-12-26,110000.0,Put,9750.500704999999,9906.92585,9828.7132775
2025-11-09,BTC,2025-12-26,112000.0,Call,3389.19425,3493.47715,3441.3357
2025-11-09,BTC,2025-12-26,112000.0,Put,11106.12885,11262.553199999998,11184.341024999998
2025-11-09,BTC,2025-12-26,114000.0,Call,2867.7797499999997,2919.9211999999998,2893.8504749999997
2025-11-09,BTC,2025-12-26,114000.0,Put,12566.08945,12774.65525,12670.37235
2025-11-09,BTC,2025-12-26,115000.0,Call,2607.08575,2711.3691799999997,2659.227465
2025-11-09,BTC,2025-12-26,115000.0,Put,13296.137325,13556.8459,13426.4916125
2025-11-09,BTC,2025-12-26,116000.0,Call,2398.5067,2450.64815,2424.577425
2025-11-09,BTC,2025-12-26,116000.0,Put,14026.05005,14286.757300000001,14156.403675000001
2025-11-09,BTC,2025-12-26,118000.0,Call,1981.3851699999998,2085.6686,2033.5268849999998
2025-11-09,BTC,2025-12-26,118000.0,Put,15486.010649999998,16059.566599999998,15772.788624999997
2025-11-09,BTC,2025-12-26,120000.0,Call,1668.53488,1720.676595,1694.6057375
2025-11-09,BTC,2025-12-26,120000.0,Put,17206.76595,17728.1831,17467.474524999998
2025-11-09,BTC,2025-12-26,122000.0,Call,1407.8191499999998,1459.9605999999999,1433.8898749999998
2025-11-09,BTC,2025-12-26,122000.0,Put,18875.300829999996,19501.001409999997,19188.151119999995
2025-11-09,BTC,2025-12-26,124000.0,Call,1147.11773,1251.40116,1199.259445
2025-11-09,BTC,2025-12-26,124000.0,Put,20700.15565,21273.7116,20986.933624999998
2025-11-09,BTC,2025-12-26,125000.0,Call,1094.976015,1147.11773,1121.0468725
2025-11-09,BTC,2025-12-26,125000.0,Put,21586.560299999997,22160.11625,21873.338275
2025-11-09,BTC,2025-12-26,126000.0,Call,990.6875499999999,1042.829,1016.7582749999999
2025-11-09,BTC,2025-12-26,126000.0,Put,22525.106399999997,23098.66235,22811.884374999998
2025-11-09,BTC,2025-12-26,128000.0,Call,834.26744,886.409155,860.3382975
2025-11-09,BTC,2025-12-26,128000.0,Put,24350.180905,24923.739769999996,24636.9603375
2025-11-09,BTC,2025-12-26,130000.0,Call,677.8422949999999,782.1257249999999,729.9840099999999
2025-11-09,BTC,2025-12-26,130000.0,Put,26227.14935,26800.705299999998,26513.927324999997
2025-11-09,BTC,2025-12-26,132000.0,Call,573.558865,677.8422949999999,625.70058
2025-11-09,BTC,2025-12-26,132000.0,Put,27113.554,29616.343599999997,28364.9488
2025-11-09,BTC,2025-12-26,134000.0,Call,521.4145,573.5559499999999,547.4852249999999
2025-11-09,BTC,2025-12-26,134000.0,Put,28990.6462,31649.860149999997,30320.253174999998
2025-11-09,BTC,2025-12-26,135000.0,Call,490.12963,521.4145,505.772065
2025-11-09,BTC,2025-12-26,135000.0,Put,30972.178709999996,31441.454144999996,31206.816427499994
2025-11-09,BTC,2025-12-26,136000.0,Call,458.847092,490.132121,474.4896065
2025-11-09,BTC,2025-12-26,136000.0,Put,30815.596949999996,34569.78135,32692.68915
2025-11-09,BTC,2025-12-26,138000.0,Call,396.27502,427.55989,411.917455
2025-11-09,BTC,2025-12-26,138000.0,Put,32744.99702,37489.893084999996,35117.4450525
2025-11-09,BTC,2025-12-26,140000.0,Call,344.13356999999996,375.41844,359.77600499999994
2025-11-09,BTC,2025-12-26,140000.0,Put,35821.17615,36446.87355,36134.02485
2025-11-09,BTC,2025-12-26,142000.0,Call,302.42194699999993,333.706976,318.0644615
2025-11-09,BTC,2025-12-26,142000.0,Put,36551.156449999995,39627.502,38089.329224999994
2025-11-09,BTC,2025-12-26,144000.0,Call,260.70725,291.99212,276.349685
2025-11-09,BTC,2025-12-26,144000.0,Put,38376.30224,43590.473739999994,40983.387989999996
2025-11-09,BTC,2025-12-26,145000.0,Call,239.85066999999998,281.56383,260.70725
2025-11-09,BTC,2025-12-26,145000.0,Put,39418.9362,43694.535099999994,41556.735649999995
2025-11-09,BTC,2025-12-26,146000.0,Call,229.42238,260.70725,245.064815
2025-11-09,BTC,2025-12-26,146000.0,Put,40461.7652,43694.535099999994,42078.15015
2025-11-09,BTC,2025-12-26,148000.0,Call,208.5658,239.85066999999998,224.208235
2025-11-09,BTC,2025-12-26,148000.0,Put,42286.71595,45675.9102,43981.313075
2025-11-09,BTC,2025-12-26,150000.0,Call,187.710174,208.56686,198.13851699999998
2025-11-09,BTC,2025-12-26,150000.0,Put,45675.9102,46197.3247,45936.61745
2025-11-09,BTC,2025-12-26,160000.0,Call,114.711773,125.14011599999998,119.92594449999999
2025-11-09,BTC,2025-12-26,160000.0,Put,55582.7857,56208.4831,55895.634399999995
2025-11-09,BTC,2025-12-26,170000.0,Call,83.42632,93.85461,88.640465
2025-11-09,BTC,2025-12-26,170000.0,Put,65489.661199999995,66115.35859999999,65802.50989999999
2025-11-09,BTC,2025-12-26,180000.0,Call,52.141715,72.998401,62.570058
2025-11-09,BTC,2025-12-26,180000.0,Put,73623.72739999999,77951.46775,75787.59757499999
2025-11-09,BTC,2025-12-26,190000.0,Call,41.71316,62.56973999999999,52.14144999999999
2025-11-09,BTC,2025-12-26,190000.0,Put,83530.6029,88066.90905,85798.75597500001
2025-11-09,BTC,2025-12-26,200000.0,Call,31.285028999999994,52.141715,41.71337199999999
2025-11-09,BTC,2025-12-26,200000.0,Put,95418.8535,96148.8338,95783.84365
2025-11-09,BTC,2025-12-26,210000.0,Call,20.85658,41.71316,31.28487
2025-11-09,BTC,2025-12-26,210000.0,Put,98651.6234,113616.21954999998,106133.92147499998
2025-11-09,BTC,2025-12-26,220000.0,Call,20.856686,31.285028999999994,26.070857499999995
2025-11-09,BTC,2025-12-26,220000.0,Put,108298.34205499999,123992.99827,116145.6701625
2025-11-09,BTC,2025-12-26,230000.0,Call,10.42829,31.284869999999994,20.856579999999997
2025-11-09,BTC,2025-12-26,230000.0,Put,117943.95989999999,134264.23375,126104.096825
2025-11-09,BTC,2025-12-26,240000.0,Call,10.42829,31.284869999999994,20.856579999999997
2025-11-09,BTC,2025-12-26,240000.0,Put,127642.26959999999,144640.3823,136141.32595
2025-11-09,BTC,2025-12-26,260000.0,Call,10.428343,20.856686,15.6425145
2025-11-09,BTC,2025-12-26,260000.0,Put,146934.6061,165392.6794,156163.64275
2025-11-09,BTC,2025-12-26,280000.0,Call,10.42829,31.284869999999994,20.856579999999997
2025-11-09,BTC,2025-12-26,280000.0,Put,166279.08405,186092.83505,176185.95955
2025-11-09,BTC,2025-12-26,300000.0,Put,195061.16444999998,196521.12505,195791.14474999998
2025-11-09,BTC,2025-12-26,320000.0,Put,204916.93995,227494.302545,216205.6212475
2025-11-09,BTC,2025-12-26,340000.0,Put,224209.37449999998,248194.56339999998,236201.96894999998
2025-11-09,BTC,2025-12-26,400000.0,Put,282189.52739999996,310241.6275,296215.57745
2025-11-09,BTC,2026-01-30,60000.0,Call,45010.59100538462,45167.787481538464,45089.189243461544
2025-11-09,BTC,2026-01-30,60000.0,Put,293.43342215384615,335.3524824615385,314.3929523076923
2025-11-09,BTC,2026-01-30,65000.0,Call,40189.89907000001,40347.095546153854,40268.49730807693
2025-11-09,BTC,2026-01-30,65000.0,Put,471.5894284615385,513.5084887692308,492.54895861538466
2025-11-09,BTC,2026-01-30,70000.0,Call,35421.60596000001,35631.20126153847,35526.40361076924
2025-11-09,BTC,2026-01-30,70000.0,Put,681.1847300000001,785.9823807692308,733.5835553846155
2025-11-09,BTC,2026-01-30,75000.0,Call,30758.11050076923,30967.705802307693,30862.90815153846
2025-11-09,BTC,2026-01-30,75000.0,Put,1047.976507692308,1152.7741584615385,1100.3753330769232
2025-11-09,BTC,2026-01-30,80000.0,Call,26304.210343076924,26513.805644615386,26409.007993846157
2025-11-09,BTC,2026-01-30,80000.0,Put,1571.9647615384615,1624.363586923077,1598.1641742307693
2025-11-09,BTC,2026-01-30,90000.0,Call,18025.19593230769,18234.791233846154,18129.993583076925
2025-11-09,BTC,2026-01-30,90000.0,Put,3301.1259992307696,3405.9236500000006,3353.524824615385
2025-11-09,BTC,2026-01-30,94000.0,Call,15143.260536153846,15300.457012307692,15221.858774230768
2025-11-09,BTC,2026-01-30,94000.0,Put,4349.102506923077,4506.298983076923,4427.700745
2025-11-09,BTC,2026-01-30,95000.0,Call,14462.075806153849,14619.272282307695,14540.674044230771
2025-11-09,BTC,2026-01-30,95000.0,Put,4663.4954592307695,4820.691935384616,4742.093697307693
2025-11-09,BTC,2026-01-30,96000.0,Call,13833.289901538463,13938.087552307694,13885.68872692308
2025-11-09,BTC,2026-01-30,96000.0,Put,5030.287236923077,5135.084887692308,5082.686062307693
2025-11-09,BTC,2026-01-30,98000.0,Call,12523.319266923078,12680.515743076923,12601.917505000001
2025-11-09,BTC,2026-01-30,98000.0,Put,5711.471966923077,5868.668443076924,5790.070205
2025-11-09,BTC,2026-01-30,100000.0,Call,11318.146283076923,11475.34275923077,11396.744521153847
2025-11-09,BTC,2026-01-30,100000.0,Put,6549.853173076924,6654.650823846155,6602.251998461539
2025-11-09,BTC,2026-01-30,102000.0,Call,10165.372124615385,10322.568600769233,10243.97036269231
2025-11-09,BTC,2026-01-30,102000.0,Put,7388.234379230769,7545.430855384616,7466.832617307693
2025-11-09,BTC,2026-01-30,104000.0,Call,9169.794442307693,9326.990918461539,9248.392680384615
2025-11-09,BTC,2026-01-30,104000.0,Put,8383.812061538463,8488.609712307692,8436.210886923078
2025-11-09,BTC,2026-01-30,106000.0,Call,8174.216760000001,8331.413236153847,8252.814998076923
2025-11-09,BTC,2026-01-30,106000.0,Put,9379.389743846154,9536.586220000001,9457.987981923077
2025-11-09,BTC,2026-01-30,108000.0,Call,7335.835553846156,7440.633204615385,7388.23437923077
2025-11-09,BTC,2026-01-30,108000.0,Put,10532.163902307693,10689.360378461539,10610.762140384617
2025-11-09,BTC,2026-01-30,110000.0,Call,6497.454347692308,6654.650823846155,6576.052585769232
2025-11-09,BTC,2026-01-30,110000.0,Put,11737.336886153847,11894.533362307693,11815.935124230771
2025-11-09,BTC,2026-01-30,112000.0,Call,5763.870792307693,5921.067268461539,5842.469030384616
2025-11-09,BTC,2026-01-30,112000.0,Put,12994.908695384616,13152.105171538462,13073.50693346154
2025-11-09,BTC,2026-01-30,114000.0,Call,5135.084887692308,5239.882538461539,5187.483713076924
2025-11-09,BTC,2026-01-30,114000.0,Put,14357.278155384618,14514.474631538464,14435.876393461542
2025-11-09,BTC,2026-01-30,115000.0,Call,4873.090760769232,4925.489586153846,4899.290173461539
2025-11-09,BTC,2026-01-30,115000.0,Put,15038.462885384615,15300.457012307692,15169.459948846154
2025-11-09,BTC,2026-01-30,116000.0,Call,4558.697808461538,4663.4954592307695,4611.096633846154
2025-11-09,BTC,2026-01-30,116000.0,Put,15719.647615384616,15981.641742307693,15850.644678846154
2025-11-09,BTC,2026-01-30,118000.0,Call,4034.709554615385,4139.507205384616,4087.1083800000006
2025-11-09,BTC,2026-01-30,118000.0,Put,17186.814726153847,17448.808853076927,17317.811789615385
2025-11-09,BTC,2026-01-30,120000.0,Call,3563.1201261538467,3667.917776923078,3615.5189515384623
2025-11-09,BTC,2026-01-30,120000.0,Put,18706.380662307693,19020.773614615387,18863.57713846154
2025-11-09,BTC,2026-01-30,122000.0,Call,3143.929523076923,3248.727173846154,3196.3283484615386
2025-11-09,BTC,2026-01-30,122000.0,Put,19754.357170000003,21064.327804615386,20409.342487307695
2025-11-09,BTC,2026-01-30,124000.0,Call,2777.1377453846158,2881.9353961538463,2829.536570769231
2025-11-09,BTC,2026-01-30,124000.0,Put,21326.321931538463,24051.060851538467,22688.691391538465
2025-11-09,BTC,2026-01-30,125000.0,Call,2619.9412692307696,2724.7389200000002,2672.340094615385
2025-11-09,BTC,2026-01-30,125000.0,Put,22164.703137692308,28452.56218384616,25308.63266076923
2025-11-09,BTC,2026-01-30,130000.0,Call,1938.7565392307692,2043.5541900000003,1991.1553646153848
2025-11-09,BTC,2026-01-30,130000.0,Put,26304.210343076924,28085.77040615385,27194.990374615387
2025-11-09,BTC,2026-01-30,140000.0,Call,1100.3753330769232,1152.7741584615385,1126.574745769231
2025-11-09,BTC,2026-01-30,140000.0,Put,35159.61183307693,39980.30376846154,37569.95780076923
2025-11-09,BTC,2026-01-30,150000.0,Call,628.7859046153847,733.5835553846155,681.1847300000001
2025-11-09,BTC,2026-01-30,150000.0,Put,44591.40040230769,47211.34167153847,45901.37103692308
2025-11-09,BTC,2026-01-30,160000.0,Call,398.23107292307697,450.6298983076924,424.43048561538467
2025-11-09,BTC,2026-01-30,160000.0,Put,54075.587796923086,57114.71966923078,55595.153733076935
2025-11-09,BTC,2026-03-27,20000.0,Call,85555.3347,85713.770505,85634.5526025
2025-11-09,BTC,2026-03-27,20000.0,Put,10.562387,21.124774,15.843580499999998
2025-11-09,BTC,2026-03-27,30000.0,Call,75574.2582,75732.6948,75653.47649999999
2025-11-09,BTC,2026-03-27,30000.0,Put,21.12488,42.24976,31.68732
2025-11-09,BTC,2026-03-27,40000.0,Call,65645.5646,65804.0012,65724.78289999999
2025-11-09,BTC,2026-03-27,40000.0,Put,105.62387,126.74864399999998,116.18625699999998
2025-11-09,BTC,2026-03-27,50000.0,Call,55875.02723,56086.27497,55980.6511
2025-11-09,BTC,2026-03-27,50000.0,Put,316.87161,369.683545,343.2775775
2025-11-09,BTC,2026-03-27,60000.0,Call,46316.066995,46474.502799999995,46395.284897499994
2025-11-09,BTC,2026-03-27,60000.0,Put,686.5551549999999,844.99096,765.7730574999999
2025-11-09,BTC,2026-03-27,65000.0,Call,41615.80478,41827.05252,41721.42865
2025-11-09,BTC,2026-03-27,65000.0,Put,1056.244,1161.8683999999998,1109.0562
2025-11-09,BTC,2026-03-27,70000.0,Call,37126.790304999995,37285.226109999996,37206.008207499995
2025-11-09,BTC,2026-03-27,70000.0,Put,1531.546115,1637.169985,1584.35805
2025-11-09,BTC,2026-03-27,75000.0,Call,32743.399699999998,32901.835504999995,32822.617602499995
2025-11-09,BTC,2026-03-27,75000.0,Put,2165.3002,2270.9246,2218.1124
2025-11-09,BTC,2026-03-27,80000.0,Call,28518.444900000002,28729.69264,28624.06877
2025-11-09,BTC,2026-03-27,80000.0,Put,2957.4832,3063.1076,3010.2954
2025-11-09,BTC,2026-03-27,85000.0,Call,24610.4852,24768.921799999996,24689.703499999996
2025-11-09,BTC,2026-03-27,85000.0,Put,4013.7070599999997,4119.33093,4066.518995
2025-11-09,BTC,2026-03-27,90000.0,Call,20966.338195,21124.774,21045.5560975
2025-11-09,BTC,2026-03-27,90000.0,Put,5386.81737,5492.441239999999,5439.6293049999995
2025-11-09,BTC,2026-03-27,95000.0,Call,17639.18629,17850.43403,17744.81016
2025-11-09,BTC,2026-03-27,95000.0,Put,7076.8348,7182.4592,7129.647
2025-11-09,BTC,2026-03-27,100000.0,Call,14734.6038,14893.040399999998,14813.8221
2025-11-09,BTC,2026-03-27,100000.0,Put,9136.5106,9242.134999999998,9189.322799999998
2025-11-09,BTC,2026-03-27,105000.0,Call,12146.74505,12305.180855,12225.9629525
2025-11-09,BTC,2026-03-27,105000.0,Put,11513.00183,11671.437635,11592.2197325
2025-11-09,BTC,2026-03-27,110000.0,Call,9928.64378,10087.079585,10007.861682499999
2025-11-09,BTC,2026-03-27,110000.0,Put,14312.034385,14470.47019,14391.2522875
2025-11-09,BTC,2026-03-27,115000.0,Call,8133.03799,8238.66186,8185.849925
2025-11-09,BTC,2026-03-27,115000.0,Put,17480.750485,17691.998225,17586.374355
2025-11-09,BTC,2026-03-27,120000.0,Call,6601.491875,6707.115745,6654.303809999999
2025-11-09,BTC,2026-03-27,120000.0,Put,20913.52626,21230.39787,21071.962065
2025-11-09,BTC,2026-03-27,125000.0,Call,5334.0322,5492.4688,5413.2505
2025-11-09,BTC,2026-03-27,125000.0,Put,24293.4901,25296.916865,24795.2034825
2025-11-09,BTC,2026-03-27,130000.0,Call,4330.57867,4489.014475,4409.7965724999995
2025-11-09,BTC,2026-03-27,130000.0,Put,28307.3392,29363.5832,28835.461199999998
2025-11-09,BTC,2026-03-27,135000.0,Call,3538.399645,3644.0235150000003,3591.21158
2025-11-09,BTC,2026-03-27,135000.0,Put,32479.502999999997,33535.746999999996,33007.625
2025-11-09,BTC,2026-03-27,140000.0,Call,2851.84449,3010.280295,2931.0623925
2025-11-09,BTC,2026-03-27,140000.0,Put,36440.23514999999,41246.121235,38843.178192499996
2025-11-09,BTC,2026-03-27,145000.0,Call,2376.5370749999997,2482.160945,2429.34901
2025-11-09,BTC,2026-03-27,145000.0,Put,40771.0184,45840.98959999999,43306.004
2025-11-09,BTC,2026-03-27,150000.0,Call,1954.041595,2059.665465,2006.8535299999999
2025-11-09,BTC,2026-03-27,150000.0,Put,45523.887969999996,52917.55887,49220.723419999995
2025-11-09,BTC,2026-03-27,155000.0,Call,1637.169985,1742.793855,1689.98192
2025-11-09,BTC,2026-03-27,155000.0,Put,50118.526314999996,51966.944039999995,51042.7351775
2025-11-09,BTC,2026-03-27,160000.0,Call,1373.1103099999998,1478.73418,1425.9222449999997
2025-11-09,BTC,2026-03-27,160000.0,Put,54766.251399999994,56667.4906,55716.871
2025-11-09,BTC,2026-03-27,170000.0,Call,1003.4267649999999,1109.050635,1056.2386999999999
2025-11-09,BTC,2026-03-27,170000.0,Put,64377.748765000004,66648.66197,65513.205367500006
2025-11-09,BTC,2026-03-27,180000.0,Call,739.3708,792.1829999999999,765.7769
2025-11-09,BTC,2026-03-27,180000.0,Put,73831.08512999999,76366.05801,75098.57157
2025-11-09,BTC,2026-03-27,190000.0,Call,528.122,633.7464,580.9341999999999
2025-11-09,BTC,2026-03-27,190000.0,Put,83495.669235,86400.32565999999,84947.99744749999
2025-11-09,BTC,2026-03-27,200000.0,Call,443.62247999999994,485.87224,464.74735999999996
2025-11-09,BTC,2026-03-27,200000.0,Put,93318.689145,96434.59331,94876.64122749999
2025-11-09,BTC,2026-03-27,210000.0,Call,359.12296,401.37271999999996,380.24784
2025-11-09,BTC,2026-03-27,210000.0,Put,103300.6632,113440.6056,108370.6344
2025-11-09,BTC,2026-03-27,220000.0,Call,285.18444900000003,327.433997,306.309223
2025-11-09,BTC,2026-03-27,220000.0,Put,107049.792245,123632.739835,115341.26604
2025-11-09,BTC,2026-03-27,230000.0,Call,232.372514,264.05967499999997,248.2160945
2025-11-09,BTC,2026-03-27,230000.0,Put,116662.1498,133878.927,125270.53839999999
2025-11-09,BTC,2026-03-27,240000.0,Call,200.685353,232.372514,216.5289335
2025-11-09,BTC,2026-03-27,240000.0,Put,126326.14851999999,144123.770615,135224.9595675
2025-11-09,BTC,2026-03-27,260000.0,Call,147.873418,179.560579,163.7169985
2025-11-09,BTC,2026-03-27,260000.0,Put,145602.504795,164720.425265,155161.46503
2025-11-09,BTC,2026-03-27,280000.0,Call,105.62387,126.74864399999998,116.18625699999998
2025-11-09,BTC,2026-03-27,280000.0,Put,164931.67300500002,185317.07991499998,175124.37646
2025-11-09,BTC,2026-03-27,300000.0,Call,73.93708,105.6244,89.78074
2025-11-09,BTC,2026-03-27,300000.0,Put,184313.65315,205913.734565,195113.69385749998
2025-11-09,BTC,2026-03-27,320000.0,Call,52.811935,95.061483,73.936709
2025-11-09,BTC,2026-03-27,320000.0,Put,213414.10020000002,215632.2126,214523.1564
2025-11-09,BTC,2026-03-27,340000.0,Call,42.249548,84.499096,63.37432199999999
2025-11-09,BTC,2026-03-27,340000.0,Put,233375.94076499998,235805.28977499998,234590.61526999998
2025-11-09,BTC,2026-06-26,20000.0,Call,87243.327535,87350.571945,87296.94974000001
2025-11-09,BTC,2026-06-26,20000.0,Put,32.173322999999996,42.897764,37.5355435
2025-11-09,BTC,2026-06-26,30000.0,Call,77323.21961,77430.46402,77376.84181499999
2025-11-09,BTC,2026-06-26,30000.0,Put,128.69329199999999,160.866615,144.77995349999998
2025-11-09,BTC,2026-06-26,40000.0,Call,67510.356095,67724.844915,67617.600505
2025-11-09,BTC,2026-06-26,40000.0,Put,332.457671,396.804317,364.630994
2025-11-09,BTC,2026-06-26,50000.0,Call,57911.981400000004,58180.092425,58046.0369125
2025-11-09,BTC,2026-06-26,50000.0,Put,750.71087,857.95528,804.333075
2025-11-09,BTC,2026-06-26,60000.0,Call,48688.96214,48957.073165,48823.0176525
2025-11-09,BTC,2026-06-26,60000.0,Put,1555.0439450000001,1662.2883550000001,1608.66615
2025-11-09,BTC,2026-06-26,70000.0,Call,40002.36262,40270.47497,40136.418795000005
2025-11-09,BTC,2026-06-26,70000.0,Put,2841.976865,2949.2212750000003,2895.59907
2025-11-09,BTC,2026-06-26,80000.0,Call,32066.07859,32280.56741,32173.323
2025-11-09,BTC,2026-06-26,80000.0,Put,4825.99845,5040.4872700000005,4933.24286
2025-11-09,BTC,2026-06-26,85000.0,Call,28419.76865,28687.879675000004,28553.8241625
2025-11-09,BTC,2026-06-26,85000.0,Put,6220.1757800000005,6381.0423949999995,6300.6090875
2025-11-09,BTC,2026-06-26,90000.0,Call,25041.569735,25309.68076,25175.6252475
2025-11-09,BTC,2026-06-26,90000.0,Put,7882.464135,8043.33075,7962.8974425
2025-11-09,BTC,2026-06-26,95000.0,Call,21985.104049999998,22253.215075,22119.159562499997
2025-11-09,BTC,2026-06-26,95000.0,Put,9812.863515000001,9973.73013,9893.2968225
2025-11-09,BTC,2026-06-26,100000.0,Call,19250.371595,19464.860415,19357.616005
2025-11-09,BTC,2026-06-26,100000.0,Put,12011.37392,12225.86274,12118.618330000001
2025-11-09,BTC,2026-06-26,105000.0,Call,16730.21064,16944.700520000002,16837.45558
2025-11-09,BTC,2026-06-26,105000.0,Put,14477.995350000001,14746.106375000001,14612.0508625
2025-11-09,BTC,2026-06-26,110000.0,Call,14531.689370000002,14746.179250000001,14638.93431
2025-11-09,BTC,2026-06-26,110000.0,Put,17266.350010000002,17588.08324,17427.216625
2025-11-09,BTC,2026-06-26,115000.0,Call,12601.218175,12815.706995,12708.462585000001
2025-11-09,BTC,2026-06-26,115000.0,Put,20322.815695,20590.92672,20456.8712075
2025-11-09,BTC,2026-06-26,120000.0,Call,10938.92982,11099.796435,11019.3631275
2025-11-09,BTC,2026-06-26,120000.0,Put,23647.392405000002,23969.125635,23808.25902
2025-11-09,BTC,2026-06-26,125000.0,Call,9491.130285,9598.374695,9544.752489999999
2025-11-09,BTC,2026-06-26,125000.0,Put,27186.457935000002,27508.191165,27347.32455
2025-11-09,BTC,2026-06-26,130000.0,Call,8204.197365,8311.441775,8257.81957
2025-11-09,BTC,2026-06-26,130000.0,Put,29921.190390000003,31529.85654,30725.523465000002
2025-11-09,BTC,2026-06-26,135000.0,Call,7131.753265,7238.9976750000005,7185.375470000001
2025-11-09,BTC,2026-06-26,135000.0,Put,32709.54505,35497.899710000005,34103.72238000001
2025-11-09,BTC,2026-06-26,140000.0,Call,6220.1757800000005,6327.42019,6273.797985
2025-11-09,BTC,2026-06-26,140000.0,Put,38500.93346,47026.90619,42763.919825000004
2025-11-09,BTC,2026-06-26,145000.0,Call,5362.2205,5523.087115,5442.653807500001
2025-11-09,BTC,2026-06-26,145000.0,Put,41771.697695,48849.828755,45310.763225
2025-11-09,BTC,2026-06-26,150000.0,Call,4718.75404,4825.99845,4772.3762449999995
2025-11-09,BTC,2026-06-26,150000.0,Put,46919.429375,55230.871150000006,51075.1502625
2025-11-09,BTC,2026-06-26,155000.0,Call,4128.909785,4289.776400000001,4209.3430925
2025-11-09,BTC,2026-06-26,155000.0,Put,50672.983725,57643.870375,54158.42705
2025-11-09,BTC,2026-06-26,160000.0,Call,3646.3279600000005,3753.5729000000006,3699.950430000001
2025-11-09,BTC,2026-06-26,160000.0,Put,55659.848790000004,61290.180315000005,58475.014552500004
2025-11-09,BTC,2026-06-26,165000.0,Call,3217.3323,3324.5767100000003,3270.954505
2025-11-09,BTC,2026-06-26,165000.0,Put,59681.514165,61987.26898,60834.3915725
2025-11-09,BTC,2026-06-26,170000.0,Call,2841.99091,3002.8583200000003,2922.424615
2025-11-09,BTC,2026-06-26,170000.0,Put,63488.69072,71210.28824000001,67349.48948
2025-11-09,BTC,2026-06-26,180000.0,Call,2305.754815,2359.37702,2332.5659175
2025-11-09,BTC,2026-06-26,180000.0,Put,70834.932805,81559.373805,76197.153305
2025-11-09,BTC,2026-06-26,190000.0,Call,1823.1549700000003,1930.3993799999998,1876.7771750000002
2025-11-09,BTC,2026-06-26,190000.0,Put,83757.88421,93356.25890500001,88557.0715575
2025-11-09,BTC,2026-06-26,200000.0,Call,1501.42174,1608.66615,1555.043945
2025-11-09,BTC,2026-06-26,200000.0,Put,93088.14788,95554.76931,94321.458595
2025-11-09,BTC,2026-06-26,210000.0,Call,1233.310715,1340.555125,1286.9329200000002
2025-11-09,BTC,2026-06-26,210000.0,Put,102150.300525,113893.56342,108021.9319725
2025-11-09,BTC,2026-06-26,220000.0,Call,1072.4441000000002,1126.066305,1099.2552025
2025-11-09,BTC,2026-06-26,220000.0,Put,107298.032205,123920.915755,115609.47398
2025-11-09,BTC,2026-06-26,230000.0,Call,911.5774850000001,1018.821895,965.1996900000001
2025-11-09,BTC,2026-06-26,230000.0,Put,115341.36295499999,134001.89029500002,124671.626625
2025-11-09,BTC,2026-06-26,240000.0,Call,750.71087,857.95528,804.333075
2025-11-09,BTC,2026-06-26,240000.0,Put,124886.11544500002,144082.864835,134484.49014
2025-11-09,BTC,2026-06-26,250000.0,Call,697.088665,750.71087,723.8997675
2025-11-09,BTC,2026-06-26,250000.0,Put,134538.112345,154217.46158,144377.78696250002
2025-11-09,BTC,2026-06-26,260000.0,Call,589.844255,643.46646,616.6553575
2025-11-09,BTC,2026-06-26,260000.0,Put,144136.48704,164459.302735,154297.8948875
2025-11-09,BTC,2026-06-26,280000.0,Call,450.426522,504.04872700000004,477.23762450000004
2025-11-09,BTC,2026-06-26,280000.0,Put,163440.48084,184835.74063500002,174138.1107375
2025-11-09,BTC,2026-06-26,300000.0,Call,364.630994,418.253199,391.4420965
2025-11-09,BTC,2026-06-26,300000.0,Put,182690.852435,205373.04515000002,194031.9487925
2025-11-09,BTC,2026-06-26,320000.0,Call,289.559907,343.182112,316.3710095
2025-11-09,BTC,2026-06-26,320000.0,Put,201994.846235,225856.72746,213925.7868475
2025-11-09,BTC,2026-06-26,340000.0,Call,246.66214300000001,289.559907,268.11102500000004
2025-11-09,BTC,2026-06-26,340000.0,Put,221298.840035,246501.27638500003,233900.05821000002
2025-11-09,BTC,2026-06-26,360000.0,Call,203.765386,257.387856,230.576621
2025-11-09,BTC,2026-06-26,360000.0,Put,240656.45604000002,267092.203105,253874.32957250002
2025-11-09,BTC,2026-06-26,380000.0,Call,182.315497,225.213261,203.764379
2025-11-09,BTC,2026-06-26,380000.0,Put,260014.072045,287790.374235,273902.22314
2025-11-09,BTC,2026-09-25,60000.0,Call,51257.639155,51529.99643,51393.8177925
2025-11-09,BTC,2026-09-25,60000.0,Put,2396.75678,2560.172015,2478.4643975
2025-11-09,BTC,2026-09-25,80000.0,Call,35406.44575,35733.27448,35569.860115
2025-11-09,BTC,2026-09-25,80000.0,Put,6536.5746,6699.9889650000005,6618.2817825
2025-11-09,BTC,2026-09-25,85000.0,Call,31974.914314999998,32301.744785,32138.32955
2025-11-09,BTC,2026-09-25,85000.0,Put,8116.246795,8279.66116,8197.9539775
2025-11-09,BTC,2026-09-25,90000.0,Call,28815.399695000004,29142.228425,28978.814060000004
2025-11-09,BTC,2026-09-25,90000.0,Put,9913.80481,10131.690630000001,10022.74772
2025-11-09,BTC,2026-09-25,95000.0,Call,25928.41258,26200.769855,26064.591217499998
2025-11-09,BTC,2026-09-25,95000.0,Put,11983.7201,12256.077375,12119.8987375
2025-11-09,BTC,2026-09-25,100000.0,Call,23259.311285,23531.668560000002,23395.4899225
2025-11-09,BTC,2026-09-25,100000.0,Put,14326.068935000001,14598.427660000001,14462.248297500002
2025-11-09,BTC,2026-09-25,105000.0,Call,20808.095810000003,21080.453085,20944.2744475
2025-11-09,BTC,2026-09-25,105000.0,Put,16886.24095,17158.599675,17022.4203125
2025-11-09,BTC,2026-09-25,110000.0,Call,18629.237610000004,18847.12343,18738.18052
2025-11-09,BTC,2026-09-25,110000.0,Put,19664.195255,19991.023985,19827.60962
2025-11-09,BTC,2026-09-25,115000.0,Call,16668.35397,16886.24095,16777.29746
2025-11-09,BTC,2026-09-25,115000.0,Put,22660.12528,23041.425465,22850.7753725
2025-11-09,BTC,2026-09-25,120000.0,Call,14870.707215000002,15088.593035000002,14979.650125000002
2025-11-09,BTC,2026-09-25,120000.0,Put,25928.41258,26255.24131,26091.826945
2025-11-09,BTC,2026-09-25,125000.0,Call,13291.10578,13563.464505,13427.2851425
2025-11-09,BTC,2026-09-25,125000.0,Put,29305.64279,29741.414430000004,29523.52861
2025-11-09,BTC,2026-09-25,130000.0,Call,11874.77719,12147.134465000001,12010.955827500002
2025-11-09,BTC,2026-09-25,130000.0,Put,32900.75882,33336.53046,33118.64464
2025-11-09,BTC,2026-09-25,135000.0,Call,10676.405180000002,10785.348090000001,10730.876635
2025-11-09,BTC,2026-09-25,135000.0,Put,34426.14284,37258.67358,35842.40821
2025-11-09,BTC,2026-09-25,140000.0,Call,9586.97608,9804.8619,9695.91899
2025-11-09,BTC,2026-09-25,140000.0,Put,38565.79014,46899.922755,42732.8564475
2025-11-09,BTC,2026-09-25,145000.0,Call,8606.53571,8769.950945,8688.2433275
2025-11-09,BTC,2026-09-25,145000.0,Put,43087.15029500001,50277.420635,46682.28546500001
2025-11-09,BTC,2026-09-25,150000.0,Call,7734.98779,7952.874769999999,7843.93128
2025-11-09,BTC,2026-09-25,150000.0,Put,44394.235824999996,55778.769920000006,50086.5028725
2025-11-09,BTC,2026-09-25,155000.0,Call,6972.383360000001,7190.270340000001,7081.326850000001
2025-11-09,BTC,2026-09-25,155000.0,Put,51421.05352,59646.243225,55533.6483725
2025-11-09,BTC,2026-09-25,160000.0,Call,6318.68878,6482.103145,6400.395962500001
2025-11-09,BTC,2026-09-25,160000.0,Put,54961.698095,64603.14563,59782.4218625
2025-11-09,BTC,2026-09-25,165000.0,Call,5719.502775,5882.9171400000005,5801.2099575
2025-11-09,BTC,2026-09-25,165000.0,Put,60681.20087000001,62587.701795,61634.4513325
2025-11-09,BTC,2026-09-25,170000.0,Call,5174.815775,5392.702755,5283.759265000001
2025-11-09,BTC,2026-09-25,170000.0,Put,64821.03145,73155.164065,68988.0977575
2025-11-09,BTC,2026-09-25,175000.0,Call,4739.016584999999,4902.43095,4820.7237675
2025-11-09,BTC,2026-09-25,175000.0,Put,65855.98909500001,78765.72393,72310.8565125
2025-11-09,BTC,2026-09-25,180000.0,Call,4303.244945,4466.65931,4384.952127500001
2025-11-09,BTC,2026-09-25,180000.0,Put,74244.593165,81707.1825,77975.8878325
2025-11-09,BTC,2026-09-25,190000.0,Call,3595.1351700000005,3758.5504050000004,3676.8427875000007
2025-11-09,BTC,2026-09-25,190000.0,Put,80345.823875,92438.551265,86392.18757000001
2025-11-09,BTC,2026-09-25,200000.0,Call,3050.40148,3159.34439,3104.8729350000003
2025-11-09,BTC,2026-09-25,200000.0,Put,93473.01678,102460.806855,97966.9118175
2025-11-09,BTC,2026-09-25,220000.0,Call,2233.341545,2342.285035,2287.81329
2025-11-09,BTC,2026-09-25,220000.0,Put,108180.30963,124467.27467500001,116323.79215250001
2025-11-09,BTC,2026-09-25,240000.0,Call,1688.615105,1797.558015,1743.0865600000002
2025-11-09,BTC,2026-09-25,240000.0,Put,123704.674305,144349.35575,134027.0150275
2025-11-09,BTC,2026-09-25,260000.0,Call,1307.31492,1416.25783,1361.7863750000001
2025-11-09,BTC,2026-09-25,260000.0,Put,142769.683555,164394.85119,153582.26737249998
2025-11-09,BTC,2026-09-25,280000.0,Call,1034.963155,1143.906645,1089.4349
2025-11-09,BTC,2026-09-25,280000.0,Put,161998.10717,184603.760995,173300.9340825
2025-11-09,BTC,2026-09-25,300000.0,Call,817.076175,926.0196650000001,871.5479200000001
2025-11-09,BTC,2026-09-25,300000.0,Put,181172.05933000002,204867.142255,193019.60079250002
2025-11-09,BTC,2026-09-25,320000.0,Call,653.65746,817.071825,735.3646425
2025-11-09,BTC,2026-09-25,320000.0,Put,200509.425855,225348.40933499997,212928.917595
