date,symbol,expiration,tau,bucket,strike,C_mid,sigma_mkt_b76,F,DF,r,moneyness_F,price_BS,price_JD,price_SV
2025-11-09,BTC,2025-11-13,0.010958904109589041,7d,94000.0,9460.644287313282,0.07822343749999999,103574.59331274466,1.0067149230451118,-0.6106886512184108,0.9075584754280998,9664.47320613166,9788.48033469946,9712.92676148536
2025-11-09,BTC,2025-11-13,0.010958904109589041,7d,96000.0,7879.550310529419,0.5508410901492464,103574.59331274466,1.0067149230451118,-0.6106886512184108,0.9268682302244423,7712.597878002594,7865.713998803709,7792.954271876747
2025-11-09,BTC,2025-11-13,0.010958904109589041,7d,98000.0,6039.260599846561,0.5126060899140314,103574.59331274466,1.0067149230451118,-0.6106886512184108,0.9461779850207849,5856.94445010184,6002.261742225904,5960.710665916018
2025-11-09,BTC,2025-11-13,0.010958904109589041,7d,99000.0,5157.995104589982,0.4930104304103181,103574.59331274466,1.0067149230451118,-0.6106886512184108,0.9558328624189562,4989.8119581977835,5112.2822653378325,5097.1558663781225
2025-11-09,BTC,2025-11-13,0.010958904109589041,7d,100000.0,4406.327476282899,0.5009729487845673,103574.59331274466,1.0067149230451118,-0.6106886512184108,0.9654877398171274,4178.339337211826,4266.126945450901,4281.969589799194
2025-11-09,BTC,2025-11-13,0.010958904109589041,7d,101000.0,3525.061981026319,0.4565002795914189,103574.59331274466,1.0067149230451118,-0.6106886512184108,0.9751426172152986,3433.565075979147,3478.2358645210875,3525.254080572838
2025-11-09,BTC,2025-11-13,0.010958904109589041,7d,102000.0,2825.233499499035,0.4466390746058896,103574.59331274466,1.0067149230451118,-0.6106886512184108,0.9847974946134699,2764.8154045342762,2763.0998817046957,2836.516963090305
2025-11-09,BTC,2025-11-13,0.010958904109589041,7d,103000.0,2177.2441647515498,0.43153926628585904,103574.59331274466,1.0067149230451118,-0.6106886512184108,0.9944523720116412,2178.609150495259,2133.116912284984,2224.3501028372934
2025-11-09,BTC,2025-11-13,0.010958904109589041,7d,104000.0,1632.9331235636623,0.4215072042779997,103574.59331274466,1.0067149230451118,-0.6106886512184108,1.0041072494098124,1677.8902902315854,1596.5364925029926,1695.6835891735627
2025-11-09,BTC,2025-11-13,0.010958904109589041,7d,105000.0,1192.3003759353724,0.4152442411048338,103574.59331274466,1.0067149230451118,-0.6106886512184108,1.0137621268079837,1261.7371070106612,1156.0495589589343,1254.4206229609856
2025-11-09,BTC,2025-11-13,0.010958904109589041,7d,106000.0,855.3459218666803,0.4135678194938228,103574.59331274466,1.0067149230451118,-0.6106886512184108,1.023417004206155,925.5894396918474,808.4063017658399,899.9640077164981
2025-11-09,BTC,2025-11-13,0.010958904109589041,7d,107000.0,596.1501879676862,0.41236161324623977,103574.59331274466,1.0067149230451118,-0.6106886512184108,1.0330718816043263,661.9223764827423,545.1289320852493,626.5198186531424
2025-11-09,BTC,2025-11-13,0.010958904109589041,7d,108000.0,430.2649182723301,0.42105671393219396,103574.59331274466,1.0067149230451118,-0.6106886512184108,1.0427267590024976,461.2093914581902,354.06273373038005,423.7749070379177
2025-11-09,BTC,2025-11-13,0.010958904109589041,7d,110000.0,222.9083311531349,0.4404169956760482,103574.59331274466,1.0067149230451118,-0.6106886512184108,1.0620365137988401,206.80016341525,133.0368675154079,178.40325930981584
2025-11-09,BTC,2025-11-14,0.0136986301369863,7d,90000.0,13737.585425000001,0.5964219179103152,103669.28676253126,1.0010841740143883,-0.07910183071971517,0.8681452608635898,13687.857645267928,13749.572859042477,13713.291513894399
2025-11-09,BTC,2025-11-14,0.0136986301369863,7d,92000.0,11793.5874875,0.5868373474495485,103669.28676253126,1.0010841740143883,-0.07910183071971517,0.8874373777716695,11696.972595196841,11797.850487029895,11743.604422917195
2025-11-09,BTC,2025-11-14,0.0136986301369863,7d,95000.0,8916.47054,0.5389969155451284,103669.28676253126,1.0010841740143883,-0.07910183071971517,0.9163755531337893,8764.466495905013,8921.97311809896,8857.731907769348
2025-11-09,BTC,2025-11-14,0.0136986301369863,7d,96000.0,7983.35153,0.5230895363194867,103669.28676253126,1.0010841740143883,-0.07910183071971517,0.9260216115878291,7818.702122841096,7984.968590723276,7927.919284656723
2025-11-09,BTC,2025-11-14,0.0136986301369863,7d,97000.0,7076.1524925,0.5099243443170565,103669.28676253126,1.0010841740143883,-0.07910183071971517,0.935667670041869,6899.942954363555,7065.504768469633,7021.266387691808
2025-11-09,BTC,2025-11-14,0.0136986301369863,7d,98000.0,6220.7934,0.5053287691066042,103669.28676253126,1.0010841740143883,-0.07910183071971517,0.9453137284959089,6016.675079158745,6170.357814256816,6144.047552347606
2025-11-09,BTC,2025-11-14,0.0136986301369863,7d,99000.0,5339.514335,0.48136765959803024,103669.28676253126,1.0010841740143883,-0.07910183071971517,0.9549597869499488,5178.050676037242,5308.331443643472,5304.033438529895
2025-11-09,BTC,2025-11-14,0.0136986301369863,7d,100000.0,4561.91516,0.47648859546575706,103669.28676253126,1.0010841740143883,-0.07910183071971517,0.9646058454039886,4393.24265055062,4489.9110593414025,4509.720553995099
2025-11-09,BTC,2025-11-14,0.0136986301369863,7d,101000.0,3810.2359574999996,0.46488564721029246,103669.28676253126,1.0010841740143883,-0.07910183071971517,0.9742519038580285,3670.6832777051127,3726.461010177815,3769.4894904163716
2025-11-09,BTC,2025-11-14,0.0136986301369863,7d,102000.0,3084.4767275000004,0.44655246333871035,103669.28676253126,1.0010841740143883,-0.07910183071971517,0.9838979623120684,3017.294898499914,3029.0380794864136,3091.1362184166205
2025-11-09,BTC,2025-11-14,0.0136986301369863,7d,103000.0,2436.4774150000003,0.4315730912452564,103669.28676253126,1.0010841740143883,-0.07910183071971517,0.9935440207661083,2437.8326487977165,2407.021288032607,2481.678947782469
2025-11-09,BTC,2025-11-14,0.0136986301369863,7d,104000.0,1918.077965,0.4284762262264268,103669.28676253126,1.0010841740143883,-0.07910183071971517,1.0031900792201482,1934.4443011754959,1866.8396455304448,1946.9731657401794
2025-11-09,BTC,2025-11-14,0.0136986301369863,7d,105000.0,1451.5184600000002,0.42020052896048876,103669.28676253126,1.0010841740143883,-0.07910183071971517,1.0128361376741881,1506.5137900738298,1411.079571626841,1490.8240903564379
2025-11-09,BTC,2025-11-14,0.0136986301369863,7d,106000.0,1062.7188725,0.4119550618207083,103669.28676253126,1.0010841740143883,-0.07910183071971517,1.022482196128228,1150.8028809786645,1038.16700254426,1113.8137628494483
2025-11-09,BTC,2025-11-14,0.0136986301369863,7d,107000.0,777.5991750000001,0.4108266939571128,103669.28676253126,1.0010841740143883,-0.07910183071971517,1.0321282545822679,861.8531103641797,742.6747368584737,812.4825724002629
2025-11-09,BTC,2025-11-14,0.0136986301369863,7d,108000.0,570.2393950000001,0.4141133214684204,103669.28676253126,1.0010841740143883,-0.07910183071971517,1.0417743130363077,632.5699539525815,516.1537905363967,579.4560770820655
2025-11-09,BTC,2025-11-14,0.0136986301369863,7d,109000.0,409.5355655,0.41665132961403584,103669.28676253126,1.0010841740143883,-0.07910183071971517,1.0514203714903476,454.8910023700624,348.27793567310437,404.6181975670637
2025-11-09,BTC,2025-11-14,0.0136986301369863,7d,110000.0,300.671681,0.4238735917320475,103669.28676253126,1.0010841740143883,-0.07910183071971517,1.0610664299443875,320.4413624006206,228.05192798798424,276.86488867351596
2025-11-09,BTC,2025-11-14,0.0136986301369863,7d,111000.0,212.5437745,0.42756170437540864,103669.28676253126,1.0010841740143883,-0.07910183071971517,1.0707124883984274,221.09855167366723,144.86601741831018,185.71657373627153
2025-11-09,BTC,2025-11-14,0.0136986301369863,7d,112000.0,160.70382949999998,0.4389367625547572,103669.28676253126,1.0010841740143883,-0.07910183071971517,1.0803585468524672,149.41834259969497,89.25851715646722,122.25412717817096
2025-11-09,BTC,2025-11-14,0.0136986301369863,7d,113000.0,124.41586799999999,0.45206673264186836,103669.28676253126,1.0010841740143883,-0.07910183071971517,1.0900046053065071,98.90412819835724,53.34109792123744,79.29178678419902
2025-11-09,BTC,2025-11-14,0.0136986301369863,7d,114000.0,108.86388450000001,0.47547686410862955,103669.28676253126,1.0010841740143883,-0.07910183071971517,1.099650663760547,64.12877177309943,30.919181048849016,51.09114723680535
2025-11-09,BTC,2025-11-14,0.0136986301369863,7d,115000.0,72.57592299999999,0.4741133419981226,103669.28676253126,1.0010841740143883,-0.07910183071971517,1.1092967222145869,40.73572042358804,17.386466526449443,33.03018227554732
2025-11-09,BTC,2025-11-14,0.0136986301369863,7d,116000.0,62.207934,0.49354667522367085,103669.28676253126,1.0010841740143883,-0.07910183071971517,1.1189427806686267,25.354516883237586,9.48655033088461,21.47103253000972
2025-11-09,BTC,2025-11-14,0.0136986301369863,7d,117000.0,51.839945,0.5097501718526709,103669.28676253126,1.0010841740143883,-0.07910183071971517,1.1285888391226666,15.466108742710446,5.023918115180223,13.799353248383719
2025-11-09,BTC,2025-11-14,0.0136986301369863,7d,118000.0,41.471956,0.5220135822420944,103669.28676253126,1.0010841740143883,-0.07910183071971517,1.1382348975767067,9.248117621647443,2.5832126210071595,8.44046715276551
2025-11-09,BTC,2025-11-14,0.0136986301369863,7d,119000.0,31.103966999999997,0.5290399166354911,103669.28676253126,1.0010841740143883,-0.07910183071971517,1.1478809560307466,5.422297478689391,1.2901066059818136,4.684278230598358
2025-11-09,BTC,2025-11-14,0.0136986301369863,7d,120000.0,31.103966999999997,0.556400062041916,103669.28676253126,1.0010841740143883,-0.07910183071971517,1.1575270144847865,3.1181047793836,0.6260631965402994,2.3134662699991857
2025-11-09,BTC,2025-11-14,0.0136986301369863,7d,122000.0,20.735978,0.5795137967141344,103669.28676253126,1.0010841740143883,-0.07910183071971517,1.1768191313928662,0.9739783008355152,0.13550587105906114,0.9839570583733347
2025-11-09,BTC,2025-11-14,0.0136986301369863,7d,124000.0,20.735978,0.629521130766906,103669.28676253126,1.0010841740143883,-0.07910183071971517,1.196111248300946,0.28255332042797665,0.026290917793479265,1.2583459957713212
2025-11-09,BTC,2025-11-14,0.0136986301369863,7d,125000.0,20.735978,0.6540310576921331,103669.28676253126,1.0010841740143883,-0.07910183071971517,1.2057573067549858,0.14814457512852108,0.011128906287422037,0.9312463193632632
2025-11-09,BTC,2025-11-14,0.0136986301369863,7d,126000.0,15.551983499999999,0.6562599288051949,103669.28676253126,1.0010841740143883,-0.07910183071971517,1.2154033652090257,0.0763252741480459,0.004590619841302884,0.2585072331138975
2025-11-09,BTC,2025-11-14,0.0136986301369863,7d,128000.0,15.551983499999999,0.7025544147817417,103669.28676253126,1.0010841740143883,-0.07910183071971517,1.2346954821171054,0.019248780952099673,0.0007242740718707487,-0.7998008135232603
2025-11-09,BTC,2025-11-14,0.0136986301369863,7d,130000.0,15.551983499999999,0.7477636895196513,103669.28676253126,1.0010841740143883,-0.07910183071971517,1.2539875990251852,0.004544237252907702,0.00010367014000846648,-0.09598048042579896
2025-11-09,BTC,2025-11-21,0.03287671232876712,7d,88000.0,15953.282962500001,0.5469855476820842,103697.31136255206,1.0039615520693224,-0.12025915928169814,0.8486237381057038,15808.556785417804,15920.382607188067,15962.659726840675
2025-11-09,BTC,2025-11-21,0.03287671232876712,7d,90000.0,14059.713060000002,0.5377988488940522,103697.31136255206,1.0039615520693224,-0.12025915928169814,0.8679106412444697,13857.447000522136,14007.86088187296,14055.432617799828
2025-11-09,BTC,2025-11-21,0.03287671232876712,7d,92000.0,12192.002100000002,0.5198810265833511,103697.31136255206,1.0039615520693224,-0.12025915928169814,0.8871975443832357,11954.34371131189,12139.242270648145,12189.623495660886
2025-11-09,BTC,2025-11-21,0.03287671232876712,7d,94000.0,10402.0592975,0.507235558062233,103697.31136255206,1.0039615520693224,-0.12025915928169814,0.9064844475220017,10125.008309973273,10331.10843747153,10380.58475316796
2025-11-09,BTC,2025-11-21,0.03287671232876712,7d,95000.0,9520.13781,0.49701920962911106,103697.31136255206,1.0039615520693224,-0.12025915928169814,0.9161278990913847,9247.414560514077,9456.405933268972,9503.988044836467
2025-11-09,BTC,2025-11-21,0.03287671232876712,7d,96000.0,8638.16319,0.4826384983396159,103697.31136255206,1.0039615520693224,-0.12025915928169814,0.9257713506607678,8399.881373975366,8605.586858300887,8649.241872055762
2025-11-09,BTC,2025-11-21,0.03287671232876712,7d,98000.0,7003.9161,0.46547555375713856,103697.31136255206,1.0039615520693224,-0.12025915928169814,0.9450582537995337,6810.76247846479,6990.427734164334,7016.222800832869
2025-11-09,BTC,2025-11-21,0.03287671232876712,7d,99000.0,6225.6714,0.4558193473966793,103697.31136255206,1.0039615520693224,-0.12025915928169814,0.9547017053689167,6076.436550689562,6233.962620902411,6245.267808138292
2025-11-09,BTC,2025-11-21,0.03287671232876712,7d,100000.0,5499.37116,0.4488094225788489,103697.31136255206,1.0039615520693224,-0.12025915928169814,0.9643451569382997,5386.405118180511,5516.831395531542,5510.508912752133
2025-11-09,BTC,2025-11-21,0.03287671232876712,7d,101000.0,4798.9550375,0.4398132685786113,103697.31136255206,1.0039615520693224,-0.12025915928169814,0.9739886085076828,4743.058792606249,4842.706652192346,4816.369910923473
2025-11-09,BTC,2025-11-21,0.03287671232876712,7d,102000.0,4176.40923,0.4357334308685735,103697.31136255206,1.0039615520693224,-0.12025915928169814,0.9836320600770657,4148.102118162259,4214.8063948580375,4167.045497357047
2025-11-09,BTC,2025-11-21,0.03287671232876712,7d,103000.0,3553.8207575000006,0.42534143851082773,103697.31136255206,1.0039615520693224,-0.12025915928169814,0.9932755116464487,3602.4949552798744,3635.7062536230874,3566.6086643406466
2025-11-09,BTC,2025-11-21,0.03287671232876712,7d,104000.0,3009.0745100000004,0.4189283863933757,103697.31136255206,1.0039615520693224,-0.12025915928169814,1.0029189632158317,3106.4297008877566,3107.1823570233405,3019.0468891045616
2025-11-09,BTC,2025-11-21,0.03287671232876712,7d,105000.0,2542.149155,0.4161737942015753,103697.31136255206,1.0039615520693224,-0.12025915928169814,1.0125624147852148,2659.34438968675,2630.1005699227144,2527.87364529738
2025-11-09,BTC,2025-11-21,0.03287671232876712,7d,106000.0,2101.1640975,0.41010094741638753,103697.31136255206,1.0039615520693224,-0.12025915928169814,1.0222058663545976,2259.9690163060673,2204.362607077334,2095.314804080087
2025-11-09,BTC,2025-11-21,0.03287671232876712,7d,107000.0,1712.0683800000002,0.40416084869597113,103697.31136255206,1.0039615520693224,-0.12025915928169814,1.0318493179239807,1906.4001627112427,1828.913092653195,1721.4606648260208
2025-11-09,BTC,2025-11-21,0.03287671232876712,7d,108000.0,1400.78322,0.4024522225944325,103697.31136255206,1.0039615520693224,-0.12025915928169814,1.0414927694933638,1596.1973943203482,1501.8049900026338,1403.8817710294306
2025-11-09,BTC,2025-11-21,0.03287671232876712,7d,109000.0,1141.37309,0.4020228355960921,103697.31136255206,1.0039615520693224,-0.12025915928169814,1.0511362210627466,1326.4939932054451,1220.3149563731838,1137.9555404303305
2025-11-09,BTC,2025-11-21,0.03287671232876712,7d,110000.0,907.9150500000001,0.399199028894864,103697.31136255206,1.0039615520693224,-0.12025915928169814,1.0607796726321297,1094.1144257029553,981.0958419550282,917.7422729252919
2025-11-09,BTC,2025-11-21,0.03287671232876712,7d,111000.0,752.27247,0.40428484250362967,103697.31136255206,1.0039615520693224,-0.12025915928169814,1.0704231242015128,895.6914137248729,780.3511788211763,736.9761696966873
2025-11-09,BTC,2025-11-21,0.03287671232876712,7d,112000.0,596.6298899999999,0.4037270286908373,103697.31136255206,1.0039615520693224,-0.12025915928169814,1.0800665757708956,727.7764561707407,614.0161612264744,589.7608794889721
2025-11-09,BTC,2025-11-21,0.03287671232876712,7d,113000.0,487.68008399999997,0.40796736732330174,103697.31136255206,1.0039615520693224,-0.12025915928169814,1.0897100273402787,586.938960317089,477.931057938893,470.8169991549081
2025-11-09,BTC,2025-11-21,0.03287671232876712,7d,114000.0,394.29252199999996,0.4112119930265472,103697.31136255206,1.0039615520693224,-0.12025915928169814,1.0993534789096617,469.85061846640986,367.9957524445457,375.4145160653228
2025-11-09,BTC,2025-11-21,0.03287671232876712,7d,115000.0,321.65968899999996,0.4157071736713872,103697.31136255206,1.0039615520693224,-0.12025915928169814,1.1089969304790446,373.35314340756713,280.2976056442456,299.25097369445336
2025-11-09,BTC,2025-11-21,0.03287671232876712,7d,116000.0,259.40430000000003,0.41917821799051014,103697.31136255206,1.0039615520693224,-0.12025915928169814,1.1186403820484276,294.50882853091116,211.20851161837356,238.4609496580134
2025-11-09,BTC,2025-11-21,0.03287671232876712,7d,118000.0,181.5820825,0.43295149559285495,103697.31136255206,1.0039615520693224,-0.12025915928169814,1.1379272851871938,179.32056925872615,116.13115524815267,150.5971142335437
2025-11-09,BTC,2025-11-21,0.03287671232876712,7d,120000.0,129.7014875,0.4474430134261027,103697.31136255206,1.0039615520693224,-0.12025915928169814,1.1572141883259597,106.12643632474408,61.21219475239458,94.11024889654368
2025-11-09,BTC,2025-11-21,0.03287671232876712,7d,125000.0,67.44511800000001,0.4925526013894007,103697.31136255206,1.0039615520693224,-0.12025915928169814,1.2054314461728746,25.37551745989944,10.325528907817706,30.306868645060636
2025-11-09,BTC,2025-11-21,0.03287671232876712,7d,128000.0,51.880595,0.5248752185096968,103697.31136255206,1.0039615520693224,-0.12025915928169814,1.2343618008810235,9.948284439894069,3.1573657325714257,14.308499459513687
2025-11-09,BTC,2025-11-28,0.052054794520547946,30d,50000.0,53821.8327975,0.31259375,103823.46546507168,1.0024632564935885,-0.04726226801644337,0.4815866988837992,53956.046465886095,53894.21402320394,53956.08848353713
2025-11-09,BTC,2025-11-28,0.052054794520547946,30d,60000.0,43825.97865999999,0.31259375,103823.46546507168,1.0024632564935885,-0.04726226801644337,0.5779040386605591,43931.413930173745,43952.168375976915,43932.75040631415
2025-11-09,BTC,2025-11-28,0.052054794520547946,30d,70000.0,33856.25078,0.156346875,103823.46546507168,1.0024632564935885,-0.04726226801644337,0.6742213784373189,33906.86148087582,34036.0112725528,33921.20271549655
2025-11-09,BTC,2025-11-28,0.052054794520547946,30d,80000.0,23990.04993,0.5773210229421033,103823.46546507168,1.0024632564935885,-0.04726226801644337,0.7705387182140787,23895.34496517793,24144.826443612677,23987.309195924547
2025-11-09,BTC,2025-11-28,0.052054794520547946,30d,85000.0,19135.0129025,0.5445614380093293,103823.46546507168,1.0024632564935885,-0.04726226801644337,0.8186973881024586,18950.11027032263,19233.62602236801,19123.265323567895
2025-11-09,BTC,2025-11-28,0.052054794520547946,30d,90000.0,14487.497685000002,0.5179900139166043,103823.46546507168,1.0024632564935885,-0.04726226801644337,0.8668560579908385,14191.909967674877,14446.374545931449,14429.282276252707
2025-11-09,BTC,2025-11-28,0.052054794520547946,30d,95000.0,10073.743910000001,0.4713881790110842,103823.46546507168,1.0024632564935885,-0.04726226801644337,0.9150147278792184,9868.744001779636,10012.758407460595,10059.668981790204
2025-11-09,BTC,2025-11-28,0.052054794520547946,30d,96000.0,9268.9275525,0.4659564977420493,103823.46546507168,1.0024632564935885,-0.04726226801644337,0.9246464618568945,9083.1862939204,9197.989044972504,9245.05127220573
2025-11-09,BTC,2025-11-28,0.052054794520547946,30d,98000.0,7711.087477499999,0.45171082552503805,103823.46546507168,1.0024632564935885,-0.04726226801644337,0.9439099298122464,7609.449755928575,7663.33314726345,7694.6375703774975
2025-11-09,BTC,2025-11-28,0.052054794520547946,30d,99000.0,6984.1162675,0.44587454856876285,103823.46546507168,1.0024632564935885,-0.04726226801644337,0.9535416637899223,6924.931342161739,6948.509094139651,6964.5365372562155
2025-11-09,BTC,2025-11-28,0.052054794520547946,30d,100000.0,6283.1083149999995,0.439391928046383,103823.46546507168,1.0024632564935885,-0.04726226801644337,0.9631733977675984,6277.253423923013,6271.557191973509,6268.500791592949
2025-11-09,BTC,2025-11-28,0.052054794520547946,30d,101000.0,5634.0540025,0.43499777525383987,103823.46546507168,1.0024632564935885,-0.04726226801644337,0.9728051317452744,5667.4462942330965,5634.154803605069,5609.515331852288
2025-11-09,BTC,2025-11-28,0.052054794520547946,30d,102000.0,5010.9328225,0.4294796876044945,103823.46546507168,1.0024632564935885,-0.04726226801644337,0.9824368657229503,5096.1744226039045,5037.541327469429,4990.393361288014
2025-11-09,BTC,2025-11-28,0.052054794520547946,30d,103000.0,4413.753774999999,0.42274973137956107,103823.46546507168,1.0024632564935885,-0.04726226801644337,0.9920685997006263,4563.727975971705,4482.488096026589,4413.624741274116
2025-11-09,BTC,2025-11-28,0.052054794520547946,30d,104000.0,3894.507375,0.42017875507418073,103823.46546507168,1.0024632564935885,-0.04726226801644337,1.0017003336783024,4070.0253642803655,3969.2852435334216,3881.2074802416505
2025-11-09,BTC,2025-11-28,0.052054794520547946,30d,105000.0,3401.2031075,0.41613641166109605,103823.46546507168,1.0024632564935885,-0.04726226801644337,1.0113320676559783,3614.626166465381,3497.7454891063926,3394.46489585342
2025-11-09,BTC,2025-11-28,0.052054794520547946,30d,106000.0,2959.825605,0.4133630816338585,103823.46546507168,1.0024632564935885,-0.04726226801644337,1.0209638016336542,3196.7533526997263,3067.223827332983,2953.8744124123273
2025-11-09,BTC,2025-11-28,0.052054794520547946,30d,107000.0,2544.399235,0.4091071343472228,103823.46546507168,1.0024632564935885,-0.04726226801644337,1.0305955356113303,2815.3233760110224,2676.651305135019,2558.9540480116852
2025-11-09,BTC,2025-11-28,0.052054794520547946,30d,108000.0,2206.8768874999996,0.4091995942031965,103823.46546507168,1.0024632564935885,-0.04726226801644337,1.0402272695890062,2468.982472619472,2324.580439460735,2208.2502877552524
2025-11-09,BTC,2025-11-28,0.052054794520547946,30d,109000.0,1869.36354,0.4050994168149308,103823.46546507168,1.0024632564935885,-0.04726226801644337,1.0498590035666822,2156.14738823608,2009.2394230928358,1899.4431424345255
2025-11-09,BTC,2025-11-28,0.052054794520547946,30d,110000.0,1583.7587075,0.4028583456201479,103823.46546507168,1.0024632564935885,-0.04726226801644337,1.0594907375443583,1875.0487315824798,1728.5920811217063,1629.5457755380683
2025-11-09,BTC,2025-11-28,0.052054794520547946,30d,112000.0,1168.3465875,0.4065541135819629,103823.46546507168,1.0024632564935885,-0.04726226801644337,1.0787542054997101,1400.3173527389001,1262.2879746752333,1192.6542445352563
2025-11-09,BTC,2025-11-28,0.052054794520547946,30d,114000.0,830.8242399999999,0.40679485565256324,103823.46546507168,1.0024632564935885,-0.04726226801644337,1.0980176734550622,1028.5653047679773,906.4526932205023,869.1314987976185
2025-11-09,BTC,2025-11-28,0.052054794520547946,30d,115000.0,701.0079525,0.40790802463572473,103823.46546507168,1.0024632564935885,-0.04726226801644337,1.107649407432738,876.118575801941,763.7974419286072,741.4147979510215
2025-11-09,BTC,2025-11-28,0.052054794520547946,30d,116000.0,597.1577975,0.41058243155758833,103823.46546507168,1.0024632564935885,-0.04726226801644337,1.117281141410414,743.2468793881284,641.4478016401521,632.3694874009262
2025-11-09,BTC,2025-11-28,0.052054794520547946,30d,118000.0,425.797423,0.4145345874963329,103823.46546507168,1.0024632564935885,-0.04726226801644337,1.136544609365766,528.5193082444108,448.6682048788427,460.0869531692745
2025-11-09,BTC,2025-11-28,0.052054794520547946,30d,120000.0,311.56059,0.42166543281879276,103823.46546507168,1.0024632564935885,-0.04726226801644337,1.1558080773211181,369.9704045917778,311.5301689388113,335.0358752623551
2025-11-09,BTC,2025-11-28,0.052054794520547946,30d,122000.0,244.0557955,0.43474110788572595,103823.46546507168,1.0024632564935885,-0.04726226801644337,1.17507154527647,255.0467167917029,215.9938390967562,244.41097726751798
2025-11-09,BTC,2025-11-28,0.052054794520547946,30d,124000.0,197.321707,0.449542340159975,103823.46546507168,1.0024632564935885,-0.04726226801644337,1.194335013231822,173.22068967949696,150.6952433494591,178.70710897795652
2025-11-09,BTC,2025-11-28,0.052054794520547946,30d,125000.0,166.16564799999998,0.4511155919196085,103823.46546507168,1.0024632564935885,-0.04726226801644337,1.203966747209498,141.97813843697344,126.53276425698685,152.92777840864753
2025-11-09,BTC,2025-11-28,0.052054794520547946,30d,126000.0,150.5868935,0.4585808871159329,103823.46546507168,1.0024632564935885,-0.04726226801644337,1.2135984811871738,115.95690772461643,106.7972168724139,130.92565781951492
2025-11-09,BTC,2025-11-28,0.052054794520547946,30d,128000.0,124.623636,0.47332700482253,103823.46546507168,1.0024632564935885,-0.04726226801644337,1.232861949142526,76.54306887384404,77.67179541633786,96.11472817434202
2025-11-09,BTC,2025-11-28,0.052054794520547946,30d,130000.0,98.6608535,0.4837811524057761,103823.46546507168,1.0024632564935885,-0.04726226801644337,1.252125417097878,49.84557236094668,58.50951855048331,70.78042146384652
2025-11-09,BTC,2025-11-28,0.052054794520547946,30d,132000.0,77.88977249999999,0.49340386907625944,103823.46546507168,1.0024632564935885,-0.04726226801644337,1.2713888850532298,32.037556486284345,45.92493177531349,52.30248081928021
2025-11-09,BTC,2025-11-28,0.052054794520547946,30d,134000.0,72.697471,0.5141977628657595,103823.46546507168,1.0024632564935885,-0.04726226801644337,1.2906523530085818,20.333153824583697,37.60089253366868,38.71721093225358
2025-11-09,BTC,2025-11-28,0.052054794520547946,30d,135000.0,62.312118,0.5157794149870054,103823.46546507168,1.0024632564935885,-0.04726226801644337,1.3002840869862577,16.124339017754572,34.53030145249737,33.32304633123599
2025-11-09,BTC,2025-11-28,0.052054794520547946,30d,136000.0,62.312118,0.5280436076717452,103823.46546507168,1.0024632564935885,-0.04726226801644337,1.3099158209639337,12.748576503764966,31.992079606692954,28.695965137774778
2025-11-09,BTC,2025-11-28,0.052054794520547946,30d,138000.0,51.926514999999995,0.5391937931997701,103823.46546507168,1.0024632564935885,-0.04726226801644337,1.3291792889192857,7.899993444509491,28.092306172857693,21.355609577670343
2025-11-09,BTC,2025-11-28,0.052054794520547946,30d,140000.0,41.541412,0.5470074519509449,103823.46546507168,1.0024632564935885,-0.04726226801644337,1.3484427568746378,4.840530907413965,25.260668532750017,15.985159635316819
2025-11-09,BTC,2025-11-28,0.052054794520547946,30d,145000.0,31.156059,0.582067022366263,103823.46546507168,1.0024632564935885,-0.04726226801644337,1.3966014267630176,1.3578649924600301,20.594192915351723,7.744327611652468
2025-11-09,BTC,2025-11-28,0.052054794520547946,30d,150000.0,20.770705999999997,0.6060276848489419,103823.46546507168,1.0024632564935885,-0.04726226801644337,1.4447600966513976,0.35826000353167814,17.453835125683792,3.8933893397113684
2025-11-09,BTC,2025-11-28,0.052054794520547946,30d,155000.0,20.770606,0.6531621511084957,103823.46546507168,1.0024632564935885,-0.04726226801644337,1.4929187665397774,0.0894423854303234,14.971323302081244,1.9005713887106226
2025-11-09,BTC,2025-12-26,0.12876712328767123,30d,20000.0,84260.5832,0.6250875,104216.67448746445,1.0021352268238872,-0.016564402561906395,0.19190786981411184,84396.49618984867,84025.8285800665,84396.46341884113
2025-11-09,BTC,2025-12-26,0.12876712328767123,30d,30000.0,74275.495525,0.31259375,104216.67448746445,1.0021352268238872,-0.016564402561906395,0.2878618047211678,74375.1439216098,74026.58463926379,74375.43473914848
2025-11-09,BTC,2025-12-26,0.12876712328767123,30d,40000.0,64264.337125000005,0.31259375,104216.67448746445,1.0021352268238872,-0.016564402561906395,0.3838157396282237,64353.791654310306,64073.87675062423,64356.983768366736
2025-11-09,BTC,2025-12-26,0.12876712328767123,30d,50000.0,54305.320175,0.156346875,104216.67448746445,1.0021352268238872,-0.016564402561906395,0.47976967453527963,54332.44285177052,54186.37695457411,54351.40203660848
2025-11-09,BTC,2025-12-26,0.12876712328767123,30d,60000.0,44372.373949999994,0.658601171052642,104216.67448746445,1.0021352268238872,-0.016564402561906395,0.5757236094423356,44311.79427321655,44367.27499437879,44391.53291805801
2025-11-09,BTC,2025-12-26,0.12876712328767123,30d,65000.0,39471.07765,0.6616919453436507,104216.67448746445,1.0021352268238872,-0.016564402561906395,0.6237005768958636,39305.38250314996,39482.135926297,39451.895448694944
2025-11-09,BTC,2025-12-26,0.12876712328767123,30d,70000.0,34569.781350000005,0.6207133423032238,104216.67448746445,1.0021352268238872,-0.016564402561906395,0.6716775443493915,34314.42643686953,34615.803387316,34561.877554278675
2025-11-09,BTC,2025-12-26,0.12876712328767123,30d,75000.0,29772.767949999994,0.5926542346576229,104216.67448746445,1.0021352268238872,-0.016564402561906395,0.7196545118029195,29371.642808069966,29782.412037099028,29748.887090120777
2025-11-09,BTC,2025-12-26,0.12876712328767123,30d,80000.0,25054.0940575,0.5562218477183953,104216.67448746445,1.0021352268238872,-0.016564402561906395,0.7676314792564474,24544.450563211278,25022.84806165038,25052.578380083352
2025-11-09,BTC,2025-12-26,0.12876712328767123,30d,85000.0,20517.764852499997,0.5250163110578432,104216.67448746445,1.0021352268238872,-0.016564402561906395,0.8156084467099753,19939.95895616058,20420.466831503956,20529.620397881066
2025-11-09,BTC,2025-12-26,0.12876712328767123,30d,90000.0,16215.99095,0.4943344093551859,104216.67448746445,1.0021352268238872,-0.016564402561906395,0.8635854141635033,15691.882629560632,16102.689296204877,16259.778683431407
2025-11-09,BTC,2025-12-26,0.12876712328767123,30d,95000.0,12305.3822,0.46964446137677873,104216.67448746445,1.0021352268238872,-0.016564402561906395,0.9115623816170313,11930.990925789667,12218.277817449904,12351.554896901676
2025-11-09,BTC,2025-12-26,0.12876712328767123,30d,96000.0,11575.401899999999,0.4648580806134269,104216.67448746445,1.0021352268238872,-0.016564402561906395,0.9211577751077369,11246.550987998156,11505.627007404884,11624.89893555108
2025-11-09,BTC,2025-12-26,0.12876712328767123,30d,98000.0,10219.77614,0.45879704276230193,104216.67448746445,1.0021352268238872,-0.016564402561906395,0.9403485620891481,9949.992188631066,10151.639177129184,10235.819728684626
2025-11-09,BTC,2025-12-26,0.12876712328767123,30d,100000.0,8942.258675000001,0.4521886217026041,104216.67448746445,1.0021352268238872,-0.016564402561906395,0.9595393490705593,8752.025794285239,8896.919662063776,8940.020508844396
2025-11-09,BTC,2025-12-26,0.12876712328767123,30d,102000.0,7769.07605,0.4466051378900186,104216.67448746445,1.0021352268238872,-0.016564402561906395,0.9787301360519705,7653.806985372356,7744.819621826102,7745.916746643677
2025-11-09,BTC,2025-12-26,0.12876712328767123,30d,104000.0,6674.1056,0.4400065514000133,104216.67448746445,1.0021352268238872,-0.016564402561906395,0.9979209230333816,6654.885432225001,6696.715938662108,6660.284469348462
2025-11-09,BTC,2025-12-26,0.12876712328767123,30d,105000.0,6178.793227499999,0.4378245993798599,104216.67448746445,1.0021352268238872,-0.016564402561906395,1.0075163165240872,6192.107761910501,6211.55897744856,6159.5875704602795
2025-11-09,BTC,2025-12-26,0.12876712328767123,30d,106000.0,5683.418049999999,0.43403829004820443,104216.67448746445,1.0021352268238872,-0.016564402561906395,1.0171117100147928,5753.317476753217,5752.04381048771,5687.347912319741
2025-11-09,BTC,2025-12-26,0.12876712328767123,30d,108000.0,4849.179495,0.4321776006380097,104216.67448746445,1.0021352268238872,-0.016564402561906395,1.036302496996204,4945.8350419066055,4908.432844182082,4828.032705831625
2025-11-09,BTC,2025-12-26,0.12876712328767123,30d,110000.0,4119.195485,0.4311683651754633,104216.67448746445,1.0021352268238872,-0.016564402561906395,1.0554932839776152,4228.0542100648445,4161.925368854664,4079.627321716321
2025-11-09,BTC,2025-12-26,0.12876712328767123,30d,112000.0,3441.3357,0.427665507513471,104216.67448746445,1.0021352268238872,-0.016564402561906395,1.0746840709590264,3594.7062208752286,3507.251659183029,3436.002803855934
2025-11-09,BTC,2025-12-26,0.12876712328767123,30d,114000.0,2893.8504749999997,0.42765088604148477,104216.67448746445,1.0021352268238872,-0.016564402561906395,1.0938748579404376,3039.8749347063062,2938.13598211606,2888.35207350021
2025-11-09,BTC,2025-12-26,0.12876712328767123,30d,115000.0,2659.227465,0.42851759474780415,104216.67448746445,1.0021352268238872,-0.016564402561906395,1.1034702514311432,2789.9342520600735,2683.5033169343724,2647.2863732950373
2025-11-09,BTC,2025-12-26,0.12876712328767123,30d,116000.0,2424.577425,0.4280219361605123,104216.67448746445,1.0021352268238872,-0.016564402561906395,1.1130656449218488,2557.2271530225726,2447.6092901067636,2426.2278328856405
2025-11-09,BTC,2025-12-26,0.12876712328767123,30d,118000.0,2033.5268849999998,0.4294704304432496,104216.67448746445,1.0021352268238872,-0.016564402561906395,1.13225643190326,2140.225134860886,2028.3081992317805,2038.595509650786
2025-11-09,BTC,2025-12-26,0.12876712328767123,30d,120000.0,1694.6057375,0.43046212013941265,104216.67448746445,1.0021352268238872,-0.016564402561906395,1.1514472188846712,1782.313797957307,1672.7447789776395,1714.688033413405
2025-11-09,BTC,2025-12-26,0.12876712328767123,30d,122000.0,1433.8898749999998,0.43427428246866917,104216.67448746445,1.0021352268238872,-0.016564402561906395,1.1706380058660824,1477.0781221615287,1373.536886011752,1444.573593862047
2025-11-09,BTC,2025-12-26,0.12876712328767123,30d,124000.0,1199.259445,0.4365470179976896,104216.67448746445,1.0021352268238872,-0.016564402561906395,1.1898287928474935,1218.3689535527328,1123.5936961845227,1219.4497108466926
2025-11-09,BTC,2025-12-26,0.12876712328767123,30d,125000.0,1121.0468725,0.4406686898810789,104216.67448746445,1.0021352268238872,-0.016564402561906395,1.1994241863381991,1104.636787808434,1014.9954117803331,1121.3416310984737
2025-11-09,BTC,2025-12-26,0.12876712328767123,30d,126000.0,1016.7582749999999,0.4407735733317212,104216.67448746445,1.0021352268238872,-0.016564402561906395,1.2090195798289047,1000.3976045708379,916.2553159240822,1031.7302076707372
2025-11-09,BTC,2025-12-26,0.12876712328767123,30d,128000.0,860.3382975,0.44468663313072165,104216.67448746445,1.0021352268238872,-0.016564402561906395,1.228210366810316,817.8013035929201,745.3886614281002,875.0019367584466
2025-11-09,BTC,2025-12-26,0.12876712328767123,30d,130000.0,729.9840099999999,0.4488404722524807,104216.67448746445,1.0021352268238872,-0.016564402561906395,1.2474011537917271,665.6826750006101,605.4441166438461,743.9131255999713
2025-11-09,BTC,2025-12-26,0.12876712328767123,30d,132000.0,625.70058,0.4539591422645375,104216.67448746445,1.0021352268238872,-0.016564402561906395,1.2665919407731383,539.6270801910267,491.4788739938699,634.0342670929139
2025-11-09,BTC,2025-12-26,0.12876712328767123,30d,134000.0,547.4852249999999,0.46095727677438403,104216.67448746445,1.0021352268238872,-0.016564402561906395,1.2857827277545495,435.7018994865302,399.153457721575,541.7164187743838
2025-11-09,BTC,2025-12-26,0.12876712328767123,30d,135000.0,505.772065,0.4630528969185427,104216.67448746445,1.0021352268238872,-0.016564402561906395,1.295378121245255,390.9376674058589,359.90902753366674,501.18357158948373
2025-11-09,BTC,2025-12-26,0.12876712328767123,30d,136000.0,474.4896065,0.4666224545693025,104216.67448746445,1.0021352268238872,-0.016564402561906395,1.3049735147359607,350.44177369427047,324.707900221441,463.9607436514787
2025-11-09,BTC,2025-12-26,0.12876712328767123,30d,138000.0,411.917455,0.47216248373966674,104216.67448746445,1.0021352268238872,-0.016564402561906395,1.3241643017173719,280.82354080365815,264.9235667533385,398.3047668121162
2025-11-09,BTC,2025-12-26,0.12876712328767123,30d,140000.0,359.77600499999994,0.4779838039545343,104216.67448746445,1.0021352268238872,-0.016564402561906395,1.343355088698783,224.23417834447454,217.07587029361386,342.72566345513064
2025-11-09,BTC,2025-12-26,0.12876712328767123,30d,142000.0,318.0644615,0.4845889468243346,104216.67448746445,1.0021352268238872,-0.016564402561906395,1.3625458756801943,178.4345628932582,178.88222667293925,295.5593641153326
2025-11-09,BTC,2025-12-26,0.12876712328767123,30d,144000.0,276.349685,0.4893624569671229,104216.67448746445,1.0021352268238872,-0.016564402561906395,1.3817366626616054,141.5213382368385,148.44867967627175,255.4342080235854
2025-11-09,BTC,2025-12-26,0.12876712328767123,30d,145000.0,260.70725,0.49268531220201406,104216.67448746445,1.0021352268238872,-0.016564402561906395,1.391332056152311,125.88470526581354,135.64345742701477,237.64994427455298
2025-11-09,BTC,2025-12-26,0.12876712328767123,30d,146000.0,245.064815,0.4956238555496559,104216.67448746445,1.0021352268238872,-0.016564402561906395,1.4009274496430166,111.8886815435535,124.21775364231493,221.21727485812923
2025-11-09,BTC,2025-12-26,0.12876712328767123,30d,148000.0,224.208235,0.5041509862555191,104216.67448746445,1.0021352268238872,-0.016564402561906395,1.4201182366244278,88.1912983630185,104.9193158665253,191.97082508099433
2025-11-09,BTC,2025-12-26,0.12876712328767123,30d,150000.0,198.13851699999998,0.5094911389725285,104216.67448746445,1.0021352268238872,-0.016564402561906395,1.439309023605839,69.30957730531433,89.52557780021895,166.9166189234787
2025-11-09,BTC,2025-12-26,0.12876712328767123,30d,160000.0,119.92594449999999,0.5412936228377745,104216.67448746445,1.0021352268238872,-0.016564402561906395,1.5352629585128947,19.965694310263714,47.457588133734426,85.23735303832386
2025-11-09,BTC,2025-12-26,0.12876712328767123,30d,170000.0,88.640465,0.5813251270150765,104216.67448746445,1.0021352268238872,-0.016564402561906395,1.6312168934199507,5.432452234680771,31.032700485788713,45.330414025547604
2025-11-09,BTC,2025-12-26,0.12876712328767123,30d,180000.0,62.570058,0.6123048038421199,104216.67448746445,1.0021352268238872,-0.016564402561906395,1.7271708283270066,1.4120485214251508,22.516033895442035,24.973392119620975
2025-11-09,BTC,2025-12-26,0.12876712328767123,30d,190000.0,52.14144999999999,0.6503711449323222,104216.67448746445,1.0021352268238872,-0.016564402561906395,1.8231247632340626,0.3539678784171472,16.992171644325676,14.191935481224403
2025-11-09,BTC,2025-12-26,0.12876712328767123,30d,200000.0,41.71337199999999,0.6815145449934528,104216.67448746445,1.0021352268238872,-0.016564402561906395,1.9190786981411185,0.08625165635020597,13.016186229351264,8.289218541498254
2025-11-09,BTC,2025-12-26,0.12876712328767123,30d,210000.0,31.28487,0.704755253645964,104216.67448746445,1.0021352268238872,-0.016564402561906395,2.0150326330481745,0.02056410429781664,10.044855849913187,4.959850020058769
2025-11-09,BTC,2025-12-26,0.12876712328767123,30d,220000.0,26.070857499999995,0.7324090764394031,104216.67448746445,1.0021352268238872,-0.016564402561906395,2.1109865679552304,0.004823457272970841,7.793054525295597,3.0303067861952875
2025-11-09,BTC,2025-12-26,0.12876712328767123,30d,230000.0,20.856579999999997,0.7547072309920564,104216.67448746445,1.0021352268238872,-0.016564402561906395,2.2069405028622864,0.001118103433796203,6.074407468263422,1.8840208185098333
2025-11-09,BTC,2025-12-26,0.12876712328767123,30d,240000.0,20.856579999999997,0.7901179402479901,104216.67448746445,1.0021352268238872,-0.016564402561906395,2.3028944377693423,0.00025711019595433534,4.755848101460122,1.187385574764025
2025-11-09,BTC,2025-12-26,0.12876712328767123,30d,260000.0,15.6425145,0.8351979499978945,104216.67448746445,1.0021352268238872,-0.016564402561906395,2.4948023075834542,1.3433020683655153e-05,2.9526843162419927,0.4792765038896436
2025-11-09,BTC,2025-12-26,0.12876712328767123,30d,280000.0,20.856579999999997,0.9163974285604433,104216.67448746445,1.0021352268238872,-0.016564402561906395,2.686710177397566,7.013820700770917e-07,1.863178620256965,0.1830719275549752
2025-11-09,BTC,2026-01-30,0.22465753424657534,90d,60000.0,45089.189243461544,0.5779164241822436,104648.05005237939,1.0060854143759574,-0.02700542868483286,0.5733503870350977,44962.558244429005,44962.55824110555,45217.548382477704
2025-11-09,BTC,2026-01-30,0.22465753424657534,90d,65000.0,40268.49730807693,0.578974459971674,104648.05005237939,1.0060854143759574,-0.02700542868483286,0.6211295859546891,40013.08798041969,40013.08797273372,40369.85864936275
2025-11-09,BTC,2026-01-30,0.22465753424657534,90d,70000.0,35526.40361076924,0.5646926345353949,104648.05005237939,1.0060854143759574,-0.02700542868483286,0.6689087848742806,35160.78051808028,35160.78050312204,35608.69387530132
2025-11-09,BTC,2026-01-30,0.22465753424657534,90d,75000.0,30862.90815153846,0.5406863567853346,104648.05005237939,1.0060854143759574,-0.02700542868483286,0.7166879837938721,30469.918584165764,30469.91855889138,30965.93925646773
2025-11-09,BTC,2026-01-30,0.22465753424657534,90d,80000.0,26409.007993846157,0.5231272727554666,104648.05005237939,1.0060854143759574,-0.02700542868483286,0.7644671827134636,26015.333792829202,26015.3337548438,26483.144459279963
2025-11-09,BTC,2026-01-30,0.22465753424657534,90d,90000.0,18129.993583076925,0.4817785136478022,104648.05005237939,1.0060854143759574,-0.02700542868483286,0.8600255805526466,18103.489591474066,18103.489526546422,18225.335481317274
2025-11-09,BTC,2026-01-30,0.22465753424657534,90d,94000.0,15221.858774230768,0.4699668415514753,104648.05005237939,1.0060854143759574,-0.02700542868483286,0.8982489396883198,15389.437831710144,15389.437757756235,15289.918249010345
2025-11-09,BTC,2026-01-30,0.22465753424657534,90d,95000.0,14540.674044230771,0.467529674997367,104648.05005237939,1.0060854143759574,-0.02700542868483286,0.907804779472238,14754.560357105676,14754.560281192418,14597.191942185646
2025-11-09,BTC,2026-01-30,0.22465753424657534,90d,96000.0,13885.68872692308,0.46567649189699445,104648.05005237939,1.0060854143759574,-0.02700542868483286,0.9173606192561563,14137.371758353831,14137.371680616377,13922.260728393163
2025-11-09,BTC,2026-01-30,0.22465753424657534,90d,98000.0,12601.917505000001,0.4606549382606522,104648.05005237939,1.0060854143759574,-0.02700542868483286,0.936472298823993,12956.222699460071,12956.222618504358,12628.304143183348
2025-11-09,BTC,2026-01-30,0.22465753424657534,90d,100000.0,11396.744521153847,0.4562634676234797,104648.05005237939,1.0060854143759574,-0.02700542868483286,0.9555839783918295,11845.945971455341,11845.945887885682,11412.697016014872
2025-11-09,BTC,2026-01-30,0.22465753424657534,90d,102000.0,10243.97036269231,0.45101899707410487,104648.05005237939,1.0060854143759574,-0.02700542868483286,0.9746956579596661,10805.936318500499,10805.93623294404,10279.233771710964
2025-11-09,BTC,2026-01-30,0.22465753424657534,90d,104000.0,9248.392680384615,0.4502274073442444,104648.05005237939,1.0060854143759574,-0.02700542868483286,0.9938073375275027,9835.074714379356,9835.074627470607,9230.540018121736
2025-11-09,BTC,2026-01-30,0.22465753424657534,90d,106000.0,8252.814998076923,0.44583066552672534,104648.05005237939,1.0060854143759574,-0.02700542868483286,1.0129190170953393,8931.782571416028,8931.782483782481,8267.809798768436
2025-11-09,BTC,2026-01-30,0.22465753424657534,90d,108000.0,7388.23437923077,0.444503874043934,104648.05005237939,1.0060854143759574,-0.02700542868483286,1.0320306966631758,8094.08076181456,8094.080674063955,7390.6476066992955
2025-11-09,BTC,2026-01-30,0.22465753424657534,90d,110000.0,6576.052585769232,0.4423625082498416,104648.05005237939,1.0060854143759574,-0.02700542868483286,1.0511423762310124,7319.651072154949,7319.650984864334,6597.05381206423
2025-11-09,BTC,2026-01-30,0.22465753424657534,90d,112000.0,5842.469030384616,0.440839062625356,104648.05005237939,1.0060854143759574,-0.02700542868483286,1.0702540557988491,6605.897995636117,6605.897909342846,5883.5630357166165
2025-11-09,BTC,2026-01-30,0.22465753424657534,90d,114000.0,5187.483713076924,0.44010197280254215,104648.05005237939,1.0060854143759574,-0.02700542868483286,1.0893657353666857,5950.009090261792,5950.009005456653,5245.510806220482
2025-11-09,BTC,2026-01-30,0.22465753424657534,90d,115000.0,4899.290173461539,0.4406216776577756,104648.05005237939,1.0060854143759574,-0.02700542868483286,1.0989215751506038,5642.839721095869,5642.83963720286,4953.072744745577
2025-11-09,BTC,2026-01-30,0.22465753424657534,90d,116000.0,4611.096633846154,0.4403809728393332,104648.05005237939,1.0060854143759574,-0.02700542868483286,1.1084774149345222,5349.012469971231,5349.012387093414,4677.377933338491
2025-11-09,BTC,2026-01-30,0.22465753424657534,90d,118000.0,4087.1083800000006,0.4405070527678356,104648.05005237939,1.0060854143759574,-0.02700542868483286,1.1275890945023588,4799.830329949923,4799.830249383938,4173.153473316364
2025-11-09,BTC,2026-01-30,0.22465753424657534,90d,120000.0,3615.5189515384623,0.4406822869187221,104648.05005237939,1.0060854143759574,-0.02700542868483286,1.1467007740701953,4299.327722073193,4299.327644147415,3726.6659281629686
2025-11-09,BTC,2026-01-30,0.22465753424657534,90d,122000.0,3196.3283484615386,0.44114313336443156,104648.05005237939,1.0060854143759574,-0.02700542868483286,1.165812453638032,3844.3560812272085,3844.356006213966,3331.851126049595
2025-11-09,BTC,2026-01-30,0.22465753424657534,90d,124000.0,2829.536570769231,0.44217324866149565,104648.05005237939,1.0060854143759574,-0.02700542868483286,1.1849241332058686,3431.7912517157756,3431.791179832706,2982.9452141654065
2025-11-09,BTC,2026-01-30,0.22465753424657534,90d,125000.0,2672.340094615385,0.44343933775294575,104648.05005237939,1.0060854143759574,-0.02700542868483286,1.1944799729897868,3240.449873326595,3240.4498030737414,2824.020245508513
2025-11-09,BTC,2026-01-30,0.22465753424657534,90d,130000.0,1991.1553646153848,0.44848108205888426,104648.05005237939,1.0060854143759574,-0.02700542868483286,1.2422591719093783,2418.3067573475428,2418.3066956537346,2160.7053057303942
2025-11-09,BTC,2026-01-30,0.22465753424657534,90d,140000.0,1126.574745769231,0.4609833532849327,104648.05005237939,1.0060854143759574,-0.02700542868483286,1.3378175697485613,1312.0458286242842,1312.045784120761,1304.8467935143826
2025-11-09,BTC,2026-01-30,0.22465753424657534,90d,150000.0,681.1847300000001,0.47850717814732346,104648.05005237939,1.0060854143759574,-0.02700542868483286,1.4333759675877442,691.1180081952504,691.1179783472362,819.1904966546397
2025-11-09,BTC,2026-01-30,0.22465753424657534,90d,160000.0,424.43048561538467,0.49522363699097194,104648.05005237939,1.0060854143759574,-0.02700542868483286,1.5289343654269272,355.468975530797,355.4689566299923,531.8038818778597
2025-11-09,BTC,2026-03-27,0.3780821917808219,90d,20000.0,85634.5526025,1.016075746932067,105373.57846736237,1.0026663176020716,-0.007042831799745124,0.18980089972169495,85601.21156264152,85601.2115626415,85607.24469168334
2025-11-09,BTC,2026-03-27,0.3780821917808219,90d,30000.0,75653.47649999999,0.8524920966805891,105373.57846736237,1.0026663176020716,-0.007042831799745124,0.28470134958254245,75574.58495066848,75574.58495066146,75610.83908437911
2025-11-09,BTC,2026-03-27,0.3780821917808219,90d,40000.0,65724.78289999999,0.7422388964818789,105373.57846736237,1.0026663176020716,-0.007042831799745124,0.3796017994433899,65550.47762586382,65550.47762554478,65678.05113795649
2025-11-09,BTC,2026-03-27,0.3780821917808219,90d,50000.0,55980.6511,0.6837553181709721,105373.57846736237,1.0026663176020716,-0.007042831799745124,0.4745022493042374,55560.57368819917,55560.5736849941,55875.35299805767
2025-11-09,BTC,2026-03-27,0.3780821917808219,90d,60000.0,46395.284897499994,0.6160865497844294,105373.57846736237,1.0026663176020716,-0.007042831799745124,0.5694026991650849,45747.03990022779,45747.039886416074,46306.924054384916
2025-11-09,BTC,2026-03-27,0.3780821917808219,90d,65000.0,41721.42865,0.5868457478111611,105373.57846736237,1.0026663176020716,-0.007042831799745124,0.6168529240955086,40998.42870430555,40998.42868105611,41657.143794962816
2025-11-09,BTC,2026-03-27,0.3780821917808219,90d,70000.0,37206.008207499995,0.564792377188243,105373.57846736237,1.0026663176020716,-0.007042831799745124,0.6643031490259323,36421.82614136418,36421.82610610042,37130.19805462639
2025-11-09,BTC,2026-03-27,0.3780821917808219,90d,75000.0,32822.617602499995,0.5426379228347911,105373.57846736237,1.0026663176020716,-0.007042831799745124,0.7117533739563561,32069.66223678475,32069.662187677644,32757.349142775183
2025-11-09,BTC,2026-03-27,0.3780821917808219,90d,80000.0,28624.06877,0.522407784577273,105373.57846736237,1.0026663176020716,-0.007042831799745124,0.7592035988867798,27989.45998729451,27989.459923587005,28575.42355924933
2025-11-09,BTC,2026-03-27,0.3780821917808219,90d,85000.0,24689.703499999996,0.5062639845313506,105373.57846736237,1.0026663176020716,-0.007042831799745124,0.8066538238172035,24219.23633293185,24219.23625504493,24626.500023481043
2025-11-09,BTC,2026-03-27,0.3780821917808219,90d,90000.0,21045.5560975,0.49263533843215557,105373.57846736237,1.0026663176020716,-0.007042831799745124,0.8541040487476272,20784.728146724876,20784.728056158947,20956.301297106736
2025-11-09,BTC,2026-03-27,0.3780821917808219,90d,95000.0,17744.81016,0.48200210109967745,105373.57846736237,1.0026663176020716,-0.007042831799745124,0.9015542736780511,17698.523864331622,17698.52376342239,17610.535005493388
2025-11-09,BTC,2026-03-27,0.3780821917808219,90d,100000.0,14813.8221,0.474002051176317,105373.57846736237,1.0026663176020716,-0.007042831799745124,0.9490044986084748,14960.782807751215,14960.782699354902,14628.755785949916
2025-11-09,BTC,2026-03-27,0.3780821917808219,90d,105000.0,12225.9629525,0.46688964567203073,105373.57846736237,1.0026663176020716,-0.007042831799745124,0.9964547235388985,12561.038635437872,12561.038522612276,12036.52984796315
2025-11-09,BTC,2026-03-27,0.3780821917808219,90d,110000.0,10007.861682499999,0.4617409504206851,105373.57846736237,1.0026663176020716,-0.007042831799745124,1.0439049484693221,10480.568159781627,10480.568045510114,9838.564334337334
2025-11-09,BTC,2026-03-27,0.3780821917808219,90d,115000.0,8185.849925,0.4600921140326186,105373.57846736237,1.0026663176020716,-0.007042831799745124,1.091355173399746,8694.8936941133,8694.893581096989,8016.397816910785
2025-11-09,BTC,2026-03-27,0.3780821917808219,90d,120000.0,6654.303809999999,0.4588805062221364,105373.57846736237,1.0026663176020716,-0.007042831799745124,1.1388053983301698,7176.114660504291,7176.114551028908,6532.388182852222
2025-11-09,BTC,2026-03-27,0.3780821917808219,90d,125000.0,5413.2505,0.45944264128524814,105373.57846736237,1.0026663176020716,-0.007042831799745124,1.1862556232605934,5894.890559411035,5894.890455282276,5338.038804112711
2025-11-09,BTC,2026-03-27,0.3780821917808219,90d,130000.0,4409.7965724999995,0.4611475980492309,105373.57846736237,1.0026663176020716,-0.007042831799745124,1.2337058481910173,4822.000635372353,4822.000537906743,4382.663084713196
2025-11-09,BTC,2026-03-27,0.3780821917808219,90d,135000.0,3591.21158,0.4631919592240825,105373.57846736237,1.0026663176020716,-0.007042831799745124,1.2811560731214409,3929.47856070052,3929.478470755903,3619.482419813312
2025-11-09,BTC,2026-03-27,0.3780821917808219,90d,140000.0,2931.0623925,0.46578437414634977,105373.57846736237,1.0026663176020716,-0.007042831799745124,1.3286062980518647,3191.364954787635,3191.364872818846,3008.5568470820153
2025-11-09,BTC,2026-03-27,0.3780821917808219,90d,145000.0,2429.34901,0.47063561091665185,105373.57846736237,1.0026663176020716,-0.007042831799745124,1.3760565229822883,2584.1423788249294,2584.1423049519303,2517.3806248634446
2025-11-09,BTC,2026-03-27,0.3780821917808219,90d,150000.0,2006.8535299999999,0.4745816388754174,105373.57846736237,1.0026663176020716,-0.007042831799745124,1.4235067479127121,2086.923360615564,2086.9232946946577,2120.231165473453
2025-11-09,BTC,2026-03-27,0.3780821917808219,90d,155000.0,1689.98192,0.48062393889110544,105373.57846736237,1.0026663176020716,-0.007042831799745124,1.470956972843136,1681.4580631611911,1681.4580048528246,1797.057113122599
2025-11-09,BTC,2026-03-27,0.3780821917808219,90d,160000.0,1425.9222449999997,0.48626672813911,105373.57846736237,1.0026663176020716,-0.007042831799745124,1.5184071977735596,1352.0190954376865,1352.0190442668425,1532.3300891675424
2025-11-09,BTC,2026-03-27,0.3780821917808219,90d,170000.0,1056.2386999999999,0.500175361457281,105373.57846736237,1.0026663176020716,-0.007042831799745124,1.613307647634407,869.7323456625898,869.7323070458107,1132.8697294522444
2025-11-09,BTC,2026-03-27,0.3780821917808219,90d,180000.0,765.7769,0.5093951029093935,105373.57846736237,1.0026663176020716,-0.007042831799745124,1.7082080974952545,556.5874200170507,556.5873915242181,854.475886552819
2025-11-09,BTC,2026-03-27,0.3780821917808219,90d,190000.0,580.9341999999999,0.5211041453106329,105373.57846736237,1.0026663176020716,-0.007042831799745124,1.8031085473561022,354.90058797002433,354.90056732364064,655.9172440464207
2025-11-09,BTC,2026-03-27,0.3780821917808219,90d,200000.0,464.74735999999996,0.5355231704445556,105373.57846736237,1.0026663176020716,-0.007042831799745124,1.8980089972169496,225.77203219444027,225.77201744905386,511.3423057254318
2025-11-09,BTC,2026-03-27,0.3780821917808219,90d,210000.0,380.24784,0.5498083113228902,105373.57846736237,1.0026663176020716,-0.007042831799745124,1.992909447077797,143.44690568751665,143.4468952780164,404.12271060783587
2025-11-09,BTC,2026-03-27,0.3780821917808219,90d,220000.0,306.309223,0.561001746606268,105373.57846736237,1.0026663176020716,-0.007042831799745124,2.0878098969386443,91.10802641006192,91.10801912915196,323.2965859420275
2025-11-09,BTC,2026-03-27,0.3780821917808219,90d,230000.0,248.2160945,0.5712077389394865,105373.57846736237,1.0026663176020716,-0.007042831799745124,2.182710346799492,57.88768811171232,57.88768305623741,261.4712954743243
2025-11-09,BTC,2026-03-27,0.3780821917808219,90d,240000.0,216.5289335,0.5857338640274481,105373.57846736237,1.0026663176020716,-0.007042831799745124,2.2776107966603396,36.816613338928775,36.81660984873445,213.55682229012882
2025-11-09,BTC,2026-03-27,0.3780821917808219,90d,260000.0,163.7169985,0.6103454334655778,105373.57846736237,1.0026663176020716,-0.007042831799745124,2.4674116963820345,14.964944645674075,14.964943002210989,146.19857437557263
2025-11-09,BTC,2026-03-27,0.3780821917808219,90d,280000.0,116.18625699999998,0.6261839893294499,105373.57846736237,1.0026663176020716,-0.007042831799745124,2.6572125961037294,6.137133987588497,6.137133221232009,103.10694438358213
2025-11-09,BTC,2026-03-27,0.3780821917808219,90d,300000.0,89.78074,0.6447473542848603,105373.57846736237,1.0026663176020716,-0.007042831799745124,2.8470134958254243,2.544445256479176,2.544444900542546,74.56919563715958
2025-11-09,BTC,2026-03-27,0.3780821917808219,90d,320000.0,73.936709,0.6647080476840956,105373.57846736237,1.0026663176020716,-0.007042831799745124,3.036814395547119,1.0678959657195175,1.0678958004076897,55.105868311592594
2025-11-09,BTC,2026-03-27,0.3780821917808219,90d,340000.0,63.37432199999999,0.6847867000414058,105373.57846736237,1.0026663176020716,-0.007042831799745124,3.226615295268814,0.4540756978855502,0.4540756208750604,41.49063834651416
2025-11-09,BTC,2026-06-26,0.6273972602739726,90d,20000.0,87296.94974000001,1.056644371348433,106634.21237935299,1.0040963420392697,-0.006515767809540678,0.1875570659147335,86989.1150791511,86989.11507914717,87021.97586366099
2025-11-09,BTC,2026-06-26,0.6273972602739726,90d,30000.0,77376.84181499999,0.8522936730613933,106634.21237935299,1.0040963420392697,-0.006515767809540678,0.28133559887210025,76950.49183878268,76950.4918384847,77086.59895190703
2025-11-09,BTC,2026-06-26,0.6273972602739726,90d,40000.0,67617.600505,0.7365728432612493,106634.21237935299,1.0040963420392697,-0.006515767809540678,0.375114131829467,66945.58672674428,66945.5867235191,67298.08898586487
2025-11-09,BTC,2026-06-26,0.6273972602739726,90d,50000.0,58046.0369125,0.6534402384674176,106634.21237935299,1.0040963420392697,-0.006515767809540678,0.4688926647868338,57104.50315922487,57104.50314543327,57754.36916561659
2025-11-09,BTC,2026-06-26,0.6273972602739726,90d,60000.0,48823.0176525,0.5948751338088885,106634.21237935299,1.0040963420392697,-0.006515767809540678,0.5626711977442005,47683.454005423555,47683.453970415314,48584.79589417447
2025-11-09,BTC,2026-06-26,0.6273972602739726,90d,70000.0,40136.418795000005,0.5526673213133588,106634.21237935299,1.0040963420392697,-0.006515767809540678,0.6564497307015673,38989.48268161618,38989.48261730366,39952.794876994245
2025-11-09,BTC,2026-06-26,0.6273972602739726,90d,80000.0,32173.323,0.5207222548136488,106634.21237935299,1.0040963420392697,-0.006515767809540678,0.750228263658934,31273.562449586178,31273.56235422327,32050.698525614705
2025-11-09,BTC,2026-06-26,0.6273972602739726,90d,85000.0,28553.8241625,0.5089007853997871,106634.21237935299,1.0040963420392697,-0.006515767809540678,0.7971175301376174,27829.14858317783,27829.14847368892,28436.497401535977
2025-11-09,BTC,2026-06-26,0.6273972602739726,90d,90000.0,25175.6252475,0.49824044712241744,106634.21237935299,1.0040963420392697,-0.006515767809540678,0.8440067966163007,24669.498459126356,24669.498337278856,25077.967131254536
2025-11-09,BTC,2026-06-26,0.6273972602739726,90d,95000.0,22119.159562499997,0.4908770365780219,106634.21237935299,1.0040963420392697,-0.006515767809540678,0.8908960630949841,21792.618454195228,21792.61832215183,21993.70555389965
2025-11-09,BTC,2026-06-26,0.6273972602739726,90d,100000.0,19357.616005,0.48523722750265164,106634.21237935299,1.0040963420392697,-0.006515767809540678,0.9377853295736676,19190.85794873838,19190.857808873934,19196.16511284909
2025-11-09,BTC,2026-06-26,0.6273972602739726,90d,105000.0,16837.45558,0.4795329908201471,106634.21237935299,1.0040963420392697,-0.006515767809540678,0.9846745960523509,16852.18686864633,16852.18672338762,16690.069360001457
2025-11-09,BTC,2026-06-26,0.6273972602739726,90d,110000.0,14638.93431,0.47633884179089214,106634.21237935299,1.0040963420392697,-0.006515767809540678,1.0315638625310342,14761.426416428905,14761.42626812539,14471.649356420423
2025-11-09,BTC,2026-06-26,0.6273972602739726,90d,115000.0,12708.462585000001,0.47427872295323764,106634.21237935299,1.0040963420392697,-0.006515767809540678,1.0784531290097177,12901.352651861574,12901.35250269042,12528.970280183485
2025-11-09,BTC,2026-06-26,0.6273972602739726,90d,120000.0,11019.3631275,0.47300244539659475,106634.21237935299,1.0040963420392697,-0.006515767809540678,1.125342395488401,11253.632543362462,11253.632395265176,10843.309717408509
2025-11-09,BTC,2026-06-26,0.6273972602739726,90d,125000.0,9544.752489999999,0.47224145831447095,106634.21237935299,1.0040963420392697,-0.006515767809540678,1.1722316619670843,9799.580702617457,9799.580557264528,9391.239906588933
2025-11-09,BTC,2026-06-26,0.6273972602739726,90d,130000.0,8257.81957,0.47175449810605496,106634.21237935299,1.0040963420392697,-0.006515767809540678,1.2191209284457678,8520.74361083796,8520.743469615805,8146.913185435342
2025-11-09,BTC,2026-06-26,0.6273972602739726,90d,135000.0,7185.375470000001,0.47302522509116685,106634.21237935299,1.0040963420392697,-0.006515767809540678,1.266010194924451,7399.328877553097,7399.328741568113,7084.103201199721
2025-11-09,BTC,2026-06-26,0.6273972602739726,90d,140000.0,6273.797985,0.4750566225150601,106634.21237935299,1.0040963420392697,-0.006515767809540678,1.3128994614031346,6418.502114537085,6418.501984631749,6177.739879158232
2025-11-09,BTC,2026-06-26,0.6273972602739726,90d,145000.0,5442.653807500001,0.4756772062139587,106634.21237935299,1.0040963420392697,-0.006515767809540678,1.359788727881818,5562.575233455353,5562.5751102320455,5404.876024481066
2025-11-09,BTC,2026-06-26,0.6273972602739726,90d,150000.0,4772.3762449999995,0.4782797537231819,106634.21237935299,1.0040963420392697,-0.006515767809540678,1.4066779943605012,4817.108852765461,4817.10873661457,4745.159990754396
2025-11-09,BTC,2026-06-26,0.6273972602739726,90d,155000.0,4209.3430925,0.4816134493360297,106634.21237935299,1.0040963420392697,-0.006515767809540678,1.4535672608391847,4168.949094136338,4168.948985266243,4180.9464291344175
2025-11-09,BTC,2026-06-26,0.6273972602739726,90d,160000.0,3699.950430000001,0.4840317849243061,106634.21237935299,1.0040963420392697,-0.006515767809540678,1.500456527317868,3606.216089093027,3606.2159875595867,3697.177831263969
2025-11-09,BTC,2026-06-26,0.6273972602739726,90d,165000.0,3270.954505,0.48705591510478413,106634.21237935299,1.0040963420392697,-0.006515767809540678,1.5473457937965513,3118.258467510285,3118.2583732450094,3281.1429405839954
2025-11-09,BTC,2026-06-26,0.6273972602739726,90d,170000.0,2922.424615,0.4912621866388246,106634.21237935299,1.0040963420392697,-0.006515767809540678,1.5942350602752349,2695.585233992259,2695.5851468279725,2922.1853875654606
2025-11-09,BTC,2026-06-26,0.6273972602739726,90d,180000.0,2332.5659175,0.498412123692222,106634.21237935299,1.0040963420392697,-0.006515767809540678,1.6880135932326015,2013.4315519762295,2013.43147822948,2341.395097481224
2025-11-09,BTC,2026-06-26,0.6273972602739726,90d,190000.0,1876.7771750000002,0.5051693112445996,106634.21237935299,1.0040963420392697,-0.006515767809540678,1.7817921261899683,1503.7852722832135,1503.7852106182154,1899.9842858822008
2025-11-09,BTC,2026-06-26,0.6273972602739726,90d,200000.0,1555.043945,0.5139994510030375,106634.21237935299,1.0040963420392697,-0.006515767809540678,1.8755706591473351,1123.647490767977,1123.6474396936987,1559.8225106397247
2025-11-09,BTC,2026-06-26,0.6273972602739726,90d,210000.0,1286.9329200000002,0.5213044129116462,106634.21237935299,1.0040963420392697,-0.006515767809540678,1.9693491921047017,840.3430304801049,840.342988501941,1294.2011688459731
2025-11-09,BTC,2026-06-26,0.6273972602739726,90d,220000.0,1099.2552025,0.5306770930981264,106634.21237935299,1.0040963420392697,-0.006515767809540678,2.0631277250620683,629.2407384014404,629.2407041130813,1084.2079098857237
2025-11-09,BTC,2026-06-26,0.6273972602739726,90d,230000.0,965.1996900000001,0.5415231706349182,106634.21237935299,1.0040963420392697,-0.006515767809540678,2.1569062580194354,471.88159543798105,471.88156757023523,916.2816949762753
2025-11-09,BTC,2026-06-26,0.6273972602739726,90d,240000.0,804.333075,0.5461583635153251,106634.21237935299,1.0040963420392697,-0.006515767809540678,2.250684790976802,354.48956596042785,354.48954340108827,780.5705058406526
2025-11-09,BTC,2026-06-26,0.6273972602739726,90d,250000.0,723.8997675,0.557105599286966,106634.21237935299,1.0040963420392697,-0.006515767809540678,2.3444633239341686,266.8127059594407,266.8126877547097,669.8233575092673
2025-11-09,BTC,2026-06-26,0.6273972602739726,90d,260000.0,616.6553575,0.5620791162656622,106634.21237935299,1.0040963420392697,-0.006515767809540678,2.4382418568915356,201.23534334203958,201.23532868725343,578.6362320875529
2025-11-09,BTC,2026-06-26,0.6273972602739726,90d,280000.0,477.23762450000004,0.5755443371480333,106634.21237935299,1.0040963420392697,-0.006515767809540678,2.6257989228062693,115.23034343306703,115.2303339846052,439.60544565851114
2025-11-09,BTC,2026-06-26,0.6273972602739726,90d,300000.0,391.4420965,0.5910940770315007,106634.21237935299,1.0040963420392697,-0.006515767809540678,2.8133559887210025,66.59727432303184,66.59726825473862,341.01945651079984
2025-11-09,BTC,2026-06-26,0.6273972602739726,90d,320000.0,316.3710095,0.6030424272952601,106634.21237935299,1.0040963420392697,-0.006515767809540678,3.000913054635736,38.86090718681764,38.86090329418996,269.322843891582
2025-11-09,BTC,2026-06-26,0.6273972602739726,90d,340000.0,268.11102500000004,0.616669080404006,106634.21237935299,1.0040963420392697,-0.006515767809540678,3.1884701205504697,22.897595766959277,22.897593268287388,216.02873663529346
2025-11-09,BTC,2026-06-26,0.6273972602739726,90d,360000.0,230.576621,0.6295922265103089,106634.21237935299,1.0040963420392697,-0.006515767809540678,3.376027186465203,13.623275767739171,13.623274160522406,175.6506585612751
2025-11-09,BTC,2026-06-26,0.6273972602739726,90d,380000.0,203.764379,0.6429466222228482,106634.21237935299,1.0040963420392697,-0.006515767809540678,3.5635842523799366,8.183547345029995,8.18354630805851,144.54066377074543
2025-11-09,BTC,2026-09-25,0.8767123287671232,90d,60000.0,51393.8177925,0.5535464536143466,108383.0946739647,1.0083420020839733,-0.009475627994755287,0.5535918694745753,50367.58315018351,50367.58309523504,51507.82526173266
2025-11-09,BTC,2026-09-25,0.8767123287671232,90d,80000.0,35569.860115,0.5074559977067634,108383.0946739647,1.0083420020839733,-0.009475627994755287,0.738122492632767,34813.77756599266,34813.77744597926,35825.33165986117
2025-11-09,BTC,2026-09-25,0.8767123287671232,90d,85000.0,32138.32955,0.4994714819332585,108383.0946739647,1.0083420020839733,-0.009475627994755287,0.7842551484223149,31541.91644832044,31541.916314036313,32416.08776669448
2025-11-09,BTC,2026-09-25,0.8767123287671232,90d,90000.0,28978.814060000004,0.4937307008838281,108383.0946739647,1.0083420020839733,-0.009475627994755287,0.8303878042118629,28520.162838501303,28520.162691679023,29236.72437755332
2025-11-09,BTC,2026-09-25,0.8767123287671232,90d,95000.0,26064.591217499998,0.4890027128780261,108383.0946739647,1.0083420020839733,-0.009475627994755287,0.8765204600014108,25742.396808575482,25742.396651178184,26294.236517001536
2025-11-09,BTC,2026-09-25,0.8767123287671232,90d,100000.0,23395.4899225,0.48519097894858576,108383.0946739647,1.0083420020839733,-0.009475627994755287,0.9226531157909588,23199.443769853173,23199.443603954558,23591.477433179632
2025-11-09,BTC,2026-09-25,0.8767123287671232,90d,105000.0,20944.2744475,0.48162723263446255,108383.0946739647,1.0083420020839733,-0.009475627994755287,0.9687857715805067,20879.90742725154,20879.90725493637,21126.957413050317
2025-11-09,BTC,2026-09-25,0.8767123287671232,90d,110000.0,18738.18052,0.4791638405611739,108383.0946739647,1.0083420020839733,-0.009475627994755287,1.0149184273700547,18770.898309807664,18770.89813309381,18894.967332238644
2025-11-09,BTC,2026-09-25,0.8767123287671232,90d,115000.0,16777.29746,0.47797896117400385,108383.0946739647,1.0083420020839733,-0.009475627994755287,1.0610510831596025,16858.645758131614,16858.64557891285,16886.018102223556
2025-11-09,BTC,2026-09-25,0.8767123287671232,90d,120000.0,14979.650125000002,0.4763217989286408,108383.0946739647,1.0083420020839733,-0.009475627994755287,1.1071837389491506,15128.994263631117,15128.994083638461,15087.532424004678
2025-11-09,BTC,2026-09-25,0.8767123287671232,90d,125000.0,13427.2851425,0.4765228301988915,108383.0946739647,1.0083420020839733,-0.009475627994755287,1.1533163947386984,13567.792782423818,13567.792603202259,13484.686979807597
2025-11-09,BTC,2026-09-25,0.8767123287671232,90d,130000.0,12010.955827500002,0.4762382982166484,108383.0946739647,1.0083420020839733,-0.009475627994755287,1.1994490505282465,12161.189618785847,12161.189441683717,12061.291489803887
2025-11-09,BTC,2026-09-25,0.8767123287671232,90d,135000.0,10730.876635,0.4757923526341096,108383.0946739647,1.0083420020839733,-0.009475627994755287,1.2455817063177943,10895.846930120615,10895.846756288645,10800.60537365177
2025-11-09,BTC,2026-09-25,0.8767123287671232,90d,140000.0,9695.91899,0.4783371592985468,108383.0946739647,1.0083420020839733,-0.009475627994755287,1.2917143621073421,9759.088784482617,9759.088614880084,9686.023852100061
2025-11-09,BTC,2026-09-25,0.8767123287671232,90d,145000.0,8688.2433275,0.4786198845511303,108383.0946739647,1.0083420020839733,-0.009475627994755287,1.3378470178968902,8738.995671728078,8738.995507133877,8701.601003785097
2025-11-09,BTC,2026-09-25,0.8767123287671232,90d,150000.0,7843.93128,0.48052009850088523,108383.0946739647,1.0083420020839733,-0.009475627994755287,1.383979673686438,7824.456885758451,7824.456726785407,7832.407799529528
2025-11-09,BTC,2026-09-25,0.8767123287671232,90d,155000.0,7081.326850000001,0.4821728649916128,108383.0946739647,1.0083420020839733,-0.009475627994755287,1.430112329475986,7005.190553103527,7005.190400214528,7064.743645220314
2025-11-09,BTC,2026-09-25,0.8767123287671232,90d,160000.0,6400.395962500001,0.48384202243182817,108383.0946739647,1.0083420020839733,-0.009475627994755287,1.476244985265534,6271.739462482175,6271.739316006934,6386.2301456450305
2025-11-09,BTC,2026-09-25,0.8767123287671232,90d,165000.0,5801.2099575,0.48580785605777066,108383.0946739647,1.0083420020839733,-0.009475627994755287,1.522377641055082,5615.449352253502,5615.449212405376,5785.8179498897725
2025-11-09,BTC,2026-09-25,0.8767123287671232,90d,170000.0,5283.759265000001,0.48836858801972116,108383.0946739647,1.0083420020839733,-0.009475627994755287,1.5685102968446298,5028.434986902233,5028.434853794403,5253.734710482635
2025-11-09,BTC,2026-09-25,0.8767123287671232,90d,175000.0,4820.7237675,0.4909163189785556,108383.0946739647,1.0083420020839733,-0.009475627994755287,1.614642952634178,4503.538215926319,4503.538089586938,4781.3970421187905
2025-11-09,BTC,2026-09-25,0.8767123287671232,90d,180000.0,4384.952127500001,0.4927033608725294,108383.0946739647,1.0083420020839733,-0.009475627994755287,1.6607756084237257,4034.281254993594,4034.2811353797892,4361.30372792651
2025-11-09,BTC,2026-09-25,0.8767123287671232,90d,190000.0,3676.8427875000007,0.49758987543638794,108383.0946739647,1.0083420020839733,-0.009475627994755287,1.7530409200028216,3239.88271425133,3239.882607737959,3652.5770528457847
2025-11-09,BTC,2026-09-25,0.8767123287671232,90d,200000.0,3104.8729350000003,0.5024515241848306,108383.0946739647,1.0083420020839733,-0.009475627994755287,1.8453062315819175,2605.1585293801727,2605.158435234243,3084.9494821579074
2025-11-09,BTC,2026-09-25,0.8767123287671232,90d,220000.0,2287.81329,0.513511280099489,108383.0946739647,1.0083420020839733,-0.009475627994755287,2.0298368547401093,1692.0092917409775,1692.0092194343724,2252.6458657879657
2025-11-09,BTC,2026-09-25,0.8767123287671232,90d,240000.0,1743.0865600000002,0.5249031948802994,108383.0946739647,1.0083420020839733,-0.009475627994755287,2.214367477898301,1106.5409785264833,1106.5409238904242,1691.177731467773
2025-11-09,BTC,2026-09-25,0.8767123287671232,90d,260000.0,1361.7863750000001,0.535875967006199,108383.0946739647,1.0083420020839733,-0.009475627994755287,2.398898101056493,729.1483618766051,729.1483210303861,1300.404997818652
2025-11-09,BTC,2026-09-25,0.8767123287671232,90d,280000.0,1089.4349,0.5465675225919115,108383.0946739647,1.0083420020839733,-0.009475627994755287,2.5834287242146843,484.2809591388759,484.2809288063227,1020.7605939882371
2025-11-09,BTC,2026-09-25,0.8767123287671232,90d,300000.0,871.5479200000001,0.5550465235097335,108383.0946739647,1.0083420020839733,-0.009475627994755287,2.767959347372876,324.2422521449308,324.2422297075363,815.6744985538264
2025-11-09,BTC,2026-09-25,0.8767123287671232,90d,320000.0,735.3646425,0.5663865646606312,108383.0946739647,1.0083420020839733,-0.009475627994755287,2.952489970531068,218.84125231805487,218.84123575181226,661.9903030006708
